static const char kernel_config_data[] __used = MAGIC_START
	"\x1f\x8b\x08\x00\x00\x00\x00\x00\x02\x03\x8c\x3c\x4d\x73\xdb\xb8"
	"\x92\xf7\xf9\x15\xaa\xcc\x1e\x76\x0f\x93\x48\xb6\xe2\x38\xb5\xe5"
	"\x03\x48\x82\x12\x9e\x48\x82\x06\x40\xc9\xf6\x85\xa5\xd8\x4a\xc6"
	"\x35\x8e\x9c\x27\xcb\x33\x2f\xfb\xeb\xb7\x1b\x20\x29\x80\x04\xe8"
	"\xe4\x90\x32\xd1\x8d\xc6\x57\xa3\xbf\xa1\xdf\x7f\xfb\x7d\x42\x5e"
	"\x8f\xcf\xdf\xb7\xc7\xc7\xfb\xed\xd3\xd3\xcf\xc9\xb7\xdd\x7e\x77"
	"\xd8\x1e\x77\x0f\x93\xaf\x8f\x4f\xbb\xff\x9d\x24\x7c\x52\x70\x35"
	"\xa1\x09\x53\xef\x01\x39\x7b\xdc\xbf\xfe\xe7\xc3\xf6\xf0\xfd\x62"
	"\x3e\x99\xbf\x9f\xcd\xdf\x9f\xcf\xe6\x93\xd5\xee\xb0\xdf\x3d\x4d"
	"\xe2\xe7\xfd\xd7\xc7\x6f\xaf\xd0\xfb\xf1\x79\xff\xdb\xef\xbf\xc5"
	"\xbc\x48\xd9\xa2\x26\x22\xbf\x98\x5f\xfd\x6c\x3f\x2f\xe6\x11\x53"
	"\xa7\x4f\x22\xe2\x65\x5d\x2e\x6f\x65\x4d\x92\x44\xd4\xaa\x0f\xcf"
	"\xf3\xca\x46\x06\x52\x75\x49\x16\xb4\x96\x4b\x96\xaa\xab\xd9\x99"
	"\x0b\x82\x0f\xd5\x80\xe6\xce\x08\x79\x4e\xca\x5a\x14\x49\x0d\xc4"
	"\x65\x9d\xb3\xe2\x6a\x76\x39\x86\x40\x6e\xae\xce\x02\x14\x62\x9e"
	"\x97\x44\x59\x84\x66\xbf\x80\x07\xf4\x66\x17\x2d\x9e\x54\x24\x5e"
	"\x29\x41\x62\x58\x46\x55\x96\x5c\x58\xeb\x65\x59\x46\x17\x24\xab"
	"\x4b\xce\x0a\x45\x45\xbd\x26\x59\x45\xaf\xa6\xff\x79\xd8\x6d\x1f"
	"\xa6\xd6\xbf\x16\x3f\xe3\xf1\x2a\xa1\xe5\x90\x90\xa1\xcf\xc4\x75"
	"\x9a\x91\x85\x1c\xc2\xc5\x46\xd2\xbc\xbe\x89\x97\x0b\xd8\xf8\x9a"
	"\x64\x0b\x2e\x98\x5a\xe6\x27\x84\x05\x2d\xa8\x60\x71\x1d\x55\x0b"
	"\x6f\x63\x2d\x68\x46\x14\x5b\xd3\x76\xae\x72\x88\xb6\xdc\x50\xb6"
	"\x58\xaa\x21\x20\x96\x95\x67\xa8\x98\x64\x2c\x12\x44\xd1\x3a\x01"
	"\xda\xb7\x27\x84\x3b\x5e\x40\x5b\x4e\x4e\x2d\x4b\x02\x03\xb7\xfd"
	"\x16\x55\xd9\xe3\x28\xc0\x0d\x30\x54\x41\x69\xa2\xc1\x78\x4e\x70"
	"\x12\x8a\xf6\x60\x72\xa1\xc1\x19\x2d\x16\x6a\x79\x82\xc9\xdc\x1a"
	"\x63\xc9\x55\x99\xc1\x16\x48\x76\x47\xf5\x09\x5f\x9d\x7d\xee\x10"
	"\x37\x8c\xab\x2c\xb2\x8e\x94\x03\x13\xd7\x4b\x9a\x95\x54\x9c\x5a"
	"\x57\x54\x14\x34\xab\x73\x9e\x50\x18\x97\x17\x27\x48\xca\x6e\x6a"
	"\x4a\x44\x76\x0b\xdf\x75\x4e\xad\x7d\x2a\x17\x8a\x44\x19\x85\xb9"
	"\xad\x69\x26\xaf\xce\x9d\x25\x37\x27\x2c\xeb\xaa\x14\x3c\xa2\xb2"
	"\x7f\xc7\x04\x8f\xeb\x55\xcc\x05\xad\x15\xbd\xc1\x0d\xf9\x7d\xd2"
	"\xc0\xaf\x15\xab\x17\xeb\x7c\xf2\xf8\x32\xd9\x3f\x1f\x27\x2f\xbb"
	"\x63\xdb\x33\xa1\x69\xcb\x67\x4c\xaa\xab\x77\x1f\x9e\x1e\xbf\x7c"
	"\xf8\xfe\xfc\xf0\xfa\xb4\x7b\xf9\xf0\x5f\x55\x41\x72\x8a\x6c\x40"
	"\x89\xa4\x1f\xde\xdf\xeb\xfb\xff\xee\x44\x57\x71\x9e\x75\x9c\x87"
	"\x78\xc2\x33\x04\x70\x68\xbd\xe1\x62\x75\x9a\x6e\x54\xb1\x2c\x51"
	"\x0c\x48\xc3\x3c\xf5\x7a\xa5\xcb\xd9\x4b\x41\x49\x52\xb3\x22\xe5"
	"\xf0\x5f\xad\x88\xc4\xce\x20\x70\x7e\x9f\x2c\xb4\xf4\x7a\x42\xfa"
	"\xaf\x3f\x4e\x22\x88\x15\x4c\xd5\xb4\x58\xc3\x4e\xe0\x4a\x72\xe0"
	"\x87\xf3\x4e\x72\xc4\x82\x4b\xa9\x6f\x2b\xcb\xe8\xd5\x3b\x6b\xfe"
	"\x4d\x1b\xec\x97\x54\x9e\x99\xc3\xd5\x23\xd9\x1a\xf8\x9e\xc1\xe9"
	"\xbd\xfb\x23\xdf\x1e\x1e\x5f\xb6\x56\x77\x1b\x5e\x93\x4a\x71\xff"
	"\x06\x93\x2a\x53\xc0\x50\x52\xe1\x6e\x5e\xbd\xfb\xef\xfd\xf3\x7e"
	"\xf7\x3f\xef\x4e\xdc\x44\x4a\xfb\xac\xe4\xad\x5c\xb3\x32\xb6\x49"
	"\x75\xb0\x92\x4b\x60\x9d\xfc\xba\xa2\x15\xf5\x8c\x65\x16\x0a\x0c"
	"\xc5\xc5\x6d\x4d\x14\x08\xa1\xa5\x4d\x39\x5d\x92\x22\xc9\xa8\x97"
	"\x72\x25\x29\xdc\x4c\x0f\x4d\x52\x25\xf6\xe5\xd2\xb7\x52\xb3\x9b"
	"\x06\xc0\x64\x61\x0b\x32\x7b\x14\xbb\xdd\xa6\xa7\x8f\x0f\x78\x61"
	"\xf2\xf2\xfa\xe5\xe5\xe7\xcb\x71\xf7\xfd\x74\x7c\xed\x35\x47\x56"
	"\xd1\xbc\x3d\x94\x1c\x08\x92\x4b\xbe\x09\x43\xcc\xa5\xf1\xc3\x69"
	"\x9a\xd2\x58\x8b\x32\x92\xa6\x20\x18\xe4\xca\x8f\x97\xb3\x05\x48"
	"\x27\x66\x5f\xd6\x25\x11\x09\x80\x80\xcd\x37\xc0\xe1\x92\x16\x89"
	"\x75\xf1\xa1\x4b\xc2\x73\xc2\x0a\x5f\x5b\xbd\x64\x54\xe0\x5e\xdd"
	"\x0e\x07\xcb\x25\x43\xcc\x20\x60\x40\xd6\x9c\x5d\x4b\xd9\x74\xed"
	"\xf6\xdc\x1a\x33\xa1\x20\xb9\x03\xb7\x30\xe5\x22\x06\xf9\x67\xae"
	"\x17\x2b\x2c\xa9\x2f\x4b\x22\x24\xed\x93\xb5\x77\x46\xd3\x4d\xa5"
	"\x8f\x43\x90\x1b\x62\x54\x53\x92\x57\x30\x40\x9d\x10\x45\x86\x0b"
	"\xd3\xf7\x7d\x7d\x62\x98\xbe\x66\x40\x02\x70\x80\x85\xea\xcb\xb5"
	"\x25\x91\xd0\x39\x5e\xd5\x91\xe0\x24\x89\x89\x54\xa3\xbd\x1d\x34"
	"\xcd\x74\xea\xf1\xfb\xee\xf0\xe2\xe3\x3b\x4d\x16\x34\x0f\xb0\x8f"
	"\xad\x40\x78\xbd\xbc\x43\xd9\x90\x6b\x3e\xe8\xb6\x03\x1a\x41\xc0"
	"\x33\x9e\xb0\xd8\xb3\x0d\xa6\x17\x83\x43\xb2\xfb\x98\xd6\xb4\x72"
	"\xef\x82\x0d\xb4\x8e\x18\x34\x29\xb2\x98\xde\x2a\xad\x6c\xf5\xf4"
	"\xe3\xb2\xfa\xa0\xb6\x2f\x7f\x4d\x8e\xb0\x8e\xc9\x76\xff\x30\x79"
	"\x39\x6e\x8f\x2f\x93\xed\xfd\xfd\xf3\xeb\xfe\xf8\xb8\xff\xd6\x5b"
	"\x10\x74\xa8\x49\x1c\xf3\xaa\x50\xe6\x90\xbb\xd9\xac\x19\x88\x69"
	"\x17\x8c\x5b\x18\x60\x17\x7d\x62\x0e\xa1\x96\x5b\xe2\x25\xb0\xd1"
	"\x86\x64\x8e\x92\x89\x64\xa2\x75\x10\x05\x19\x04\xbd\x7c\x02\x15"
	"\x25\x39\x6a\x64\x69\xf7\xc3\x46\x63\x0e\x8c\x75\xab\x6f\x10\x68"
	"\xe9\x08\x6c\x63\xdc\x3b\xbf\x52\x32\x7b\x00\xf8\xec\xc4\x70\xc2"
	"\x24\x2a\x9c\x64\x20\x99\x44\x5c\x4d\xe4\x90\x43\x4a\x41\x69\x5e"
	"\x82\x6e\x8b\x2d\x2b\x15\x3e\x40\x73\x01\x2f\x58\xf3\x91\x0e\x86"
	"\x82\x6e\xfd\x26\x5c\xfb\x90\x0e\x6c\x47\x96\x9d\x98\xcd\x82\x18"
	"\x5b\x85\x2e\xe2\x48\xab\x66\x07\x96\x92\x82\x57\xea\xea\x62\x3e"
	"\x6c\x04\x31\x48\x52\xcb\x16\x35\x10\xa9\x3a\x6e\xeb\xf6\x05\x21"
	"\x11\xe7\x5e\xd5\xa7\x27\xc0\xe3\x08\xb9\xa5\xa7\xb8\xc1\x1c\x2a"
	"\xce\x62\x4b\xe0\xad\xcc\x1f\xc3\x16\xcd\x0e\x76\xf3\x12\xe4\x8e"
	"\x63\x46\x66\x1c\x89\xa6\xad\xb1\xff\xc9\x56\xcd\x85\xe4\x20\xf0"
	"\xd2\xac\x92\x4b\xb8\xa3\xad\x45\xe6\x55\xd3\x0b\xcd\xd4\x60\x83"
	"\xbb\xc4\xba\x59\x80\xf5\xba\xaa\x25\x49\x69\x7f\xc0\xf3\xbe\x20"
	"\x31\xac\xad\xc5\x49\x7b\xff\x52\xc2\xc4\x44\xde\xff\xb9\x03\x9b"
	"\xe8\x30\x39\xbe\xee\xb7\x5f\xc0\x38\xb2\x58\x84\x02\x5f\x55\x8a"
	"\x65\x20\xa9\xb2\x34\x63\x30\xca\xf9\x99\xc3\x7f\x43\x84\xd9\x85"
	"\x5f\xbf\x0f\x31\x2f\x43\x12\xb7\xb3\x06\x8b\x0a\x8c\xd9\x88\x64"
	"\xa4\x88\x9d\x5b\x10\x2f\x04\xaf\x4a\x6b\xb3\xb5\x5b\xa5\x6f\x8b"
	"\x6d\xa6\x82\xb9\x10\x2f\x7a\x9f\xad\x51\x32\x68\x03\x1b\x4b\x5f"
	"\x1f\x8b\x25\xb2\x55\x33\x92\xbd\x64\xad\x2d\x2c\x98\xcf\x58\xd1"
	"\x80\x7a\x03\x4e\x09\x8d\x48\xbc\xea\x4f\xdc\x1c\x85\x65\x34\xc3"
	"\x31\xd4\x2e\xe4\xc4\xc9\xca\x86\x78\xb7\xb6\x21\x5a\xb2\x44\x8e"
	"\xc1\x05\x78\x06\xe1\xc9\xa6\x70\xad\xef\xec\xcd\x03\xb6\x93\xd4"
	"\xd6\x58\xda\x08\x87\x41\x1a\x88\x3d\xc9\x86\x46\x42\xd7\x2c\xa6"
	"\xe1\x31\xa0\x63\x23\xe9\x06\x73\xa7\x22\x0d\xf7\x8b\xca\xd4\x3b"
	"\x9a\xdf\x1c\x90\x3c\x5e\x75\x38\x8e\xbe\x6e\x6e\x00\xba\x11\xb1"
	"\x72\x2c\x3b\x00\xc4\x2b\xed\x0a\xa2\x96\x52\x80\xe1\xd3\x69\x60"
	"\xe3\x82\x35\x11\xdb\xee\x49\x85\x5c\xea\xc8\x7c\xd8\x1b\x01\x4d"
	"\xfe\x4b\x00\xbb\x57\xf8\x0c\x8d\x82\x2a\x43\xc6\x99\x29\xda\xdd"
	"\x2d\xff\x39\x00\x55\x15\x96\x1d\xd9\x2a\x00\x18\xb9\xc6\xbb\xbe"
	"\x00\x6d\xb3\x21\x82\xf6\x4c\xef\x54\x02\x26\x08\xfd\x18\xdc\x46"
	"\x3f\x23\xa1\x53\x7c\xeb\x99\x1d\x32\x3b\x9c\xad\x76\x45\x84\x6d"
	"\x23\xe2\x37\xc9\x81\xb0\x31\x8f\x1c\x07\xe4\x04\xd4\xb6\x99\x4f"
	"\x10\x27\xf5\xe2\x8e\x59\x8b\x83\x86\x08\x1a\xce\x9c\x96\xec\x4e"
	"\xbb\xce\xa7\x49\x26\xf5\xcd\x9d\x7f\xfa\x88\xcc\xc3\xa0\xb9\x8f"
	"\xc3\xe2\x9a\x97\x60\x0d\xa0\x2f\x0c\xf3\xd4\x8c\xc8\x45\x0e\x02"
	"\xc7\xd9\xbe\x3e\x1a\xfa\xce\x3e\xd6\x03\x13\x50\x65\x3d\x97\xa2"
	"\x62\xc9\xec\xc2\x3a\x41\x8d\x03\x4a\x36\xa6\x25\x9a\xe3\x26\xd8"
	"\x61\x49\x1d\xcd\xec\xcd\x47\x5f\x15\xf7\x68\xe5\x70\xec\x0c\x19"
	"\xce\x39\xea\x05\x55\xe8\x06\xd4\x1e\x4f\xc5\xe1\x06\x8f\x87\xd3"
	"\x4c\x2e\xdc\xd3\xb8\x69\x9d\x15\xd7\xc6\x03\x00\x59\xde\xe6\x9e"
	"\x96\xba\x37\xc0\xa9\x3d\x02\x1d\x58\x29\x8a\x3b\x0e\x72\xc1\x33"
	"\x54\x87\x1a\x81\x87\xde\x05\x6c\x6c\x79\x84\xba\xcf\xd6\xe0\x96"
	"\xac\xa7\x59\xaa\x2f\xba\x05\x46\x2a\x68\xad\x5a\x72\x17\xc6\xbf"
	"\xe9\x7d\xc2\x1d\xb5\xa8\x94\xdc\xc6\x97\x6c\x51\x80\xf2\xb2\x6e"
	"\x80\xde\x08\xbb\x41\x1b\xea\x76\x03\x1c\x67\x3d\xf0\x0c\xe4\xd2"
	"\x09\x8d\x10\xc6\xad\x8f\x64\xcd\x60\xa6\x4d\x1f\x47\xb4\x20\xad"
	"\xaa\x80\x75\xaf\xbb\x3b\xcf\xd3\x34\xe4\xf4\x0a\x8d\x91\x26\xbe"
	"\x53\x8c\x59\x7d\x5d\x31\xb1\x92\x8e\x26\x8c\x88\x10\xcc\xd6\x01"
	"\xd0\x44\x93\xc4\x56\x55\x9a\xa3\xf1\x92\xd4\x9d\x43\x73\x92\x6e"
	"\xf1\x6c\x3a\x1f\x58\x9f\x4d\x80\xb5\xdc\x1d\xbe\x3e\x1f\xbe\x6f"
	"\xf7\xf7\xbb\x09\xfd\x7b\xb7\x07\x2b\x9f\x80\xbd\x1f\xa3\x9d\x0f"
	"\x2e\x8c\x6d\x73\xf8\x89\x63\xb3\x96\xad\x12\xdc\x56\xbf\xa7\x6f"
	"\x54\x73\x8b\x59\xaf\x73\xd8\x40\xee\x73\x68\xd6\xb9\x19\xa1\x35"
	"\x19\x9c\x91\x64\x56\x45\x43\xe5\xe2\x82\x1b\xb3\x41\x5f\x23\x5e"
	"\xf8\xb5\x6e\x13\x42\x15\xab\x00\x19\xe2\x8b\x49\x20\x75\x77\x32"
	"\xdc\x8f\x46\x70\x12\x62\x41\x5b\x4e\xb0\x98\x0b\x61\xa8\xce\xd1"
	"\xb6\xae\x05\x38\xd7\x3c\x0f\x41\x31\x02\x00\x2a\x23\xb1\xe1\x95"
	"\xb6\x8c\xc1\xa4\x12\x8a\x91\xcc\x11\x5c\x8a\xe6\x5a\xa5\xd6\x6b"
	"\xb0\x28\x53\x16\xf7\xe2\x09\x60\x21\xa4\x2c\x73\x2c\x35\x2d\xdc"
	"\xb4\x62\x75\xf6\xf8\x5f\x55\x5e\xd6\x30\x13\xea\x93\x31\xa7\x18"
	"\xe0\xc9\x3f\x45\xb6\xd3\xc1\x50\x10\x28\x70\x0b\x51\x39\xc6\xe8"
	"\x8e\x79\xba\x6b\x5c\x9a\xc2\xf4\x18\x1e\x71\x55\xb8\x3d\x7a\xbc"
	"\xbc\xea\x07\x1c\x4d\xab\xa0\xca\x0b\xd0\xf6\xa9\x5e\xd4\x92\xf3"
	"\x55\x0f\x88\xa1\x57\x8c\xe2\xb3\x45\xc5\x2b\x4f\x44\x59\xc2\xa2"
	"\xd1\x8b\x6e\xc2\x14\x9e\x38\x0d\x02\x51\xe6\x80\x73\xa4\x06\x71"
	"\x61\x8c\x16\x80\xf2\x51\x2c\xbd\x6d\x15\xee\x10\x01\x3a\x36\x61"
	"\xb2\xde\xe4\x04\x5d\x80\xd4\x2d\x12\x13\xc1\x6f\x36\xa3\x26\xb6"
	"\xb8\xd3\x78\x71\xe6\x5b\x16\xe0\x99\x3b\xd1\x83\x2d\x37\xc0\xe1"
	"\x94\x18\xdb\xc9\x27\x26\x70\x58\x5f\xbb\xb9\xca\x7a\x2a\x49\xe5"
	"\x84\xa7\xbb\x6d\x3e\x31\x49\x7f\x29\xe0\xc1\x99\xe0\x2a\x32\x72"
	"\xbf\x6b\x73\xda\x52\x89\x2a\x56\xda\x33\xe8\xaf\x30\x2f\x31\x75"
	"\x60\x62\x9c\x01\x58\xc2\xab\x28\xeb\xef\xef\x86\x68\x91\xa1\xef"
	"\x35\x2b\xe3\xda\x44\x96\xda\x28\xaa\x67\x05\x92\xc6\x88\x5e\xc3"
	"\xad\x70\x1c\x93\x50\xbb\x49\x0c\x80\xb1\x81\xee\x20\x73\xed\x4a"
	"\xab\x39\xc4\xf4\x80\xa1\x77\x14\x38\x57\xd1\x18\xac\x58\xcb\x9a"
	"\xf7\x80\x6c\xeb\xc6\x05\x82\x7f\x5c\xf8\x45\xec\x10\x15\x0e\xb8"
	"\xca\x88\xf0\xdb\x56\x3d\x5c\x38\x13\xee\x48\x87\x25\x2b\xf4\x4e"
	"\x81\x62\x77\x16\x9b\x79\x03\xce\xae\x73\x08\x38\xc0\xac\xc4\xa6"
	"\xe7\x22\x20\x75\x40\xb2\x5c\x72\xe8\x81\x2b\xeb\x8d\x64\xa8\xbc"
	"\x39\x1e\xe8\x9d\x84\x6f\x30\xcf\x93\x99\x75\x59\x66\x2a\x2f\xeb"
	"\x66\x95\x68\xd1\xf5\xc7\x18\xf4\x0c\x1e\x20\x08\x0f\x7a\xa3\xb4"
	"\x80\x59\x39\x72\x54\x83\x03\x31\xae\x1e\xd6\x68\x7c\xcb\x11\x62"
	"\x05\xc6\x46\x51\x46\x2e\xab\x05\xf5\x5c\x14\x23\x54\x00\x86\xaa"
	"\xd4\x76\x9a\x79\x52\x65\x54\x1a\x87\x23\x4b\xb5\x6d\xe6\x11\x45"
	"\x1a\xa4\xd5\x0f\x58\xcb\x3e\xd2\x4e\xde\xb2\x47\xc0\x85\x9d\x12"
	"\x9e\x9e\xde\x56\xb2\x32\x44\xc4\x46\x99\xcd\x7a\x7a\xa5\x9d\xf0"
	"\xd2\xcb\xf1\x4c\x12\x30\x2d\xb5\xa4\xf4\xf1\x78\x86\xd9\x3d\x74"
	"\xf2\xc1\xe3\x4a\xac\xf1\x79\x96\xa0\xbd\x28\x2b\x59\xd2\x22\x39"
	"\xb7\x6e\xa2\x99\x4a\x03\x27\x71\xa3\x42\x4f\x37\xac\xc4\xf0\x94"
	"\xa5\xc0\xd2\x34\x78\xe1\xf5\xcc\xd7\x4d\x32\xd0\x66\x48\xa7\xed"
	"\x94\xbf\x40\x74\xae\xbd\x0e\x92\xb5\x49\x3c\xb1\xb9\xf1\xae\x3b"
	"\x84\xdc\x1a\x1c\xa1\xfb\xa2\x95\x90\x02\x6d\xa6\xac\x4e\x96\xe8"
	"\x0b\x83\xfa\xdd\x0d\x9b\xb9\x38\x02\x93\x7a\x15\xee\x4a\xe5\x3a"
	"\x16\x25\x29\x40\x81\xc2\xe5\xeb\x30\xa8\x10\x5c\x8c\xcd\x12\x93"
	"\x7a\x5d\xf2\x2d\xe6\xeb\x3f\xbe\x6c\x5f\x76\x0f\x93\xbf\x8c\xc1"
	"\xfa\xe3\xf0\xfc\xf5\xf1\xc9\x84\xa0\x2d\x21\xcc\xd7\xcd\xdc\xc7"
	"\x28\x6b\x34\x63\x0d\xd1\xda\xb1\xfc\x9d\xd4\xaf\xb1\x17\x96\x14"
	"\xef\xa0\xb5\x44\x58\x39\x7a\x22\xb6\xed\xa1\x9d\x17\x89\xf6\xec"
	"\xd5\xf4\x34\x9b\xe6\x1e\x7a\x66\xd2\xde\x50\x1d\xac\xcd\xc0\x52"
	"\xb1\x8d\x89\xa8\x09\x01\x5a\xde\xbd\x8c\x25\x83\xfd\xb8\xae\xa8"
	"\x1d\x8e\x6d\xfd\xfe\x48\x3a\xa1\x76\xab\xb9\x97\x58\x1b\xa0\x60"
	"\x6e\x7d\x21\x98\xba\x1d\xc5\xc2\x0c\x79\x32\x8a\x01\x06\x13\x57"
	"\x0a\x4d\xcb\x20\x5a\x9c\x27\x00\xa7\x46\x29\x8b\x20\xda\x26\x52"
	"\xc1\x08\x07\x7a\x0f\xa9\xec\x2f\x55\x82\x31\xc1\x4b\x92\x05\xba"
	"\x81\x8e\xc1\x61\x69\x11\x8b\xdb\xd2\xb5\x87\xbd\xe0\x3a\x85\x53"
	"\x6c\xa2\x82\x9a\xb5\xca\xed\xe1\xf8\x88\x65\x27\x13\xf5\xf3\x87"
	"\x13\x7d\x45\x0b\x5c\x77\x01\x9f\x10\x23\x12\x4e\x60\x90\x80\x7b"
	"\x5b\x9c\x70\xfc\x77\x18\x7c\xf5\x71\x0c\x2e\xd3\xb7\x68\xe4\x20"
	"\xa5\xde\xc2\x51\x44\xb0\x37\x70\x72\x12\xfb\x31\x5a\xb8\x4c\xb8"
	"\x3c\x61\xf4\xd3\x2f\x09\x93\xab\x81\xc3\x70\x22\xce\x0a\x58\xaa"
	"\xac\xa2\xf1\x39\x48\x0e\x96\x0a\x93\xf5\xcd\xe5\xc5\x1b\xb3\xad"
	"\x80\x1e\xc6\xd0\xde\x18\x37\x4b\xf2\x37\x08\xc9\xc5\x5b\x1b\x03"
	"\xb2\x54\xbc\x79\x4e\xb2\x7a\xeb\xac\x57\x44\xe4\x64\x74\x87\x69"
	"\xca\xfc\xfb\x8b\x79\xf9\x8b\xcb\x37\xe8\x5b\xf7\x2b\x38\x82\x96"
	"\x2c\x8d\x86\x73\xaf\x41\x7e\x8d\x41\x87\x96\xe5\x19\xd7\x59\x07"
	"\x2c\xc5\xb0\x5d\x7f\xc6\x4d\x78\xb3\xe0\xbc\xb4\x4b\x50\x4c\x6b"
	"\x02\x2e\x13\xce\x60\x08\x89\x53\x2b\xdb\x0c\x1f\x4d\xc4\xbc\x01"
	"\xbb\xc1\xfb\x26\x57\xd6\xd0\x1a\xa9\x6a\x30\x44\x07\x3d\x71\x6e"
	"\x23\xbd\xda\x31\xdf\xdd\x7f\xfd\x77\x57\x07\x01\x8b\x0f\x2f\xc2"
	"\x02\xae\x6e\x23\x37\x94\xd7\x02\xa2\xf4\xda\xa7\x6e\x64\x31\xb3"
	"\x42\x83\x45\x23\x6a\x64\x09\x46\x75\x55\xb8\x42\xde\x35\x65\x89"
	"\x02\x9b\x2c\xae\x45\xbe\xb1\x63\x89\x18\xfd\xd2\x9d\x41\xe2\xf0"
	"\x4d\x61\x3b\x26\xa6\xe0\x2a\x00\xd4\x87\x1e\x80\xe9\x71\xd1\x4e"
	"\xd4\x85\x1d\x09\x10\xd2\xd9\xf4\x13\x42\xa8\xdd\x8c\x58\x0a\xcc"
	"\x83\x36\xc1\xec\x36\x4c\xd7\x65\x2a\x8c\xf8\x7c\xda\x1e\x31\xb2"
	"\x04\x3b\xf3\xb4\xbb\x6f\xca\xf7\x5c\x2b\xc6\x18\x59\x32\x6c\xe6"
	"\xc0\xed\xba\x61\x61\x30\xc9\x4a\x16\xf0\x87\x4c\xf7\x24\xbf\xb8"
	"\x98\x86\xe1\x51\x9c\x9f\x5d\x9e\x7f\x1c\x45\x00\x87\x52\xf0\x78"
	"\x04\x85\x0a\x38\xdd\x11\xb8\x88\x73\xa9\xa2\x30\x02\xbd\xb9\x2d"
	"\xf8\xc8\x1e\x64\xe4\x16\x1c\xd9\x98\x94\x23\x0b\xcd\x16\xb3\x55"
	"\x18\xba\x64\x72\x64\x13\x73\x9a\x30\xa2\xe8\x6a\x0c\x43\xf2\x91"
	"\x15\xe6\x6b\x50\xd0\x21\xab\xeb\x3a\xb6\x83\x5c\xe6\x54\xf2\xcb"
	"\xd9\xc7\xe9\xc0\xfe\x85\xc3\x92\x4b\xc1\x56\x63\xe7\x99\x5f\x40"
	"\xcf\x11\x7e\x50\x3c\xcb\xc2\xe0\xeb\x58\xce\xa7\x1f\xdf\x80\x9f"
	"\x8f\xb2\x53\x4e\x16\x25\x1b\x99\x21\x68\x8c\x62\x45\xd5\x28\x8d"
	"\xf9\xd9\xe7\x4d\x18\x41\x50\x92\x8d\x9e\x06\x70\xe3\x0a\x1c\xf3"
	"\x72\x64\x0c\x4a\xc0\x26\xa3\x63\x63\x14\x54\x92\xb1\x7b\xa7\xb0"
	"\x24\xe9\x66\x36\xb2\xd7\x68\x3f\x92\x11\x0a\xa5\x48\x46\x3a\x2f"
	"\xab\x22\x09\x18\x83\x36\xc2\x59\x18\x03\xc4\x6a\x89\xc5\x4e\x61"
	"\x8c\x35\xbd\x29\x45\x2f\x14\xd9\xc3\xa8\xb2\x98\x8c\x70\xf6\x0d"
	"\x3a\x04\x61\xf0\xdd\x88\x83\x76\x77\x5b\x5c\xe7\xe5\x20\xe8\x1e"
	"\xbd\x62\x51\xd0\x8f\x1f\xcf\x87\xa3\x65\x4f\xc6\x56\xac\x0f\x53"
	"\x00\xa6\xae\x4a\x7a\x1b\x5b\x27\xc5\x05\x7a\x52\x46\xd0\x4c\x51"
	"\xab\x80\x8f\x1c\xc8\x34\x68\xef\xd9\x5b\xcf\x8a\xd0\x5c\xb2\x41"
	"\x83\x5b\x26\x66\x0f\x35\x12\x98\x47\x28\x72\x35\x28\x92\x26\x97"
	"\x3f\x28\x5c\x74\x70\xa5\xaa\xa2\x20\x90\xf1\x75\x10\x06\x4a\x29"
	"\x0c\x23\x92\xf9\x19\xb2\x2d\xbb\x05\xac\xc1\x71\x25\xbb\x97\xc7"
	"\x6f\xfb\xcd\xf6\xb0\x9b\x20\x38\x7e\x86\x3f\x64\x77\x7c\xce\x56"
	"\xd7\xc9\xa6\x2e\x33\xa2\x82\x33\x08\x4a\x61\xdd\x1b\xe5\x64\x18"
	"\xba\x62\xc2\xd5\x31\x46\xc3\xc2\x94\xfe\x7c\x7e\x39\x4e\xee\x9f"
	"\xf7\xc7\xc3\xf3\x13\xd6\x8a\x3c\x1c\x1e\xff\x76\xd3\x36\xfa\xe4"
	"\xf2\xfe\x51\xe6\xcd\xf9\xba\x53\xe4\x52\xb5\xfc\x15\x5c\x47\xf8"
	"\x52\x74\x24\x9a\xdb\x5b\x97\x34\xff\x35\x44\x1a\x93\xdc\xbb\x3c"
	"\xba\x7f\xf8\xf1\xfc\xb8\xef\xef\x36\xf0\x51\xa2\x23\xdb\xde\x4e"
	"\x2f\xff\x3c\x1e\xef\xff\xf4\xef\x8a\xcb\x69\x1b\x2c\xac\x56\xf1"
	"\x52\xd1\xf0\x7a\x01\x09\x0f\xa7\xc1\x0c\xa5\xd1\xd2\xdd\xf6\xf8"
	"\x7a\xd0\x5e\xa2\x6e\x06\xa3\x7f\xb2\x3b\x1c\xb6\xc7\xed\xe4\x9f"
	"\xe7\xc3\x5f\xdb\xc3\xf3\xeb\xfe\xe1\x65\xf2\xf7\xe3\x76\x72\xfc"
	"\x73\x37\xd9\x3e\x1d\xa1\xdf\xf6\x08\xd3\x7a\x99\x7c\x3d\x6c\xbf"
	"\xef\x10\xab\xf7\xbe\x01\x23\x25\x44\x55\x79\x7d\x79\x76\x71\x3e"
	"\xfb\xdc\x7f\xb2\x70\x82\x7e\x1a\x85\xce\xa7\x17\x61\xe8\xec\xf3"
	"\xfc\xd3\x59\x10\x7a\x7e\x36\xfd\xf4\x31\x08\x9d\x7f\xfc\xa4\xc7"
	"\xb5\x24\x9f\x0b\x3f\x9f\xcf\x3e\x7b\x0d\x03\x1b\x6d\x36\x3d\x9b"
	"\x7f\x9a\x5d\x86\x46\x99\xcd\x2e\x2f\x2f\x3f\x9d\x87\x87\x99\x9d"
	"\x5d\x5e\x5c\x4e\x3f\xf9\x62\x80\x64\xcd\x00\xa1\x45\x3c\x3b\x3b"
	"\xb7\x17\xd3\x87\x9e\xcf\x3e\xce\xc3\xd0\x4f\xf3\x8f\x17\x41\xe8"
	"\xf9\x74\x36\xb3\x28\x6b\x76\x49\x49\xb6\xe2\xc2\x5a\xe5\xf4\xbc"
	"\xbf\x44\xac\x50\x27\xe0\x11\x15\x60\x66\xd3\x12\x94\x76\xad\xb2"
	"\x88\xbd\x49\xe7\x73\x0f\xe3\x3a\x49\xe1\x8c\xa7\x1d\xca\x74\x7a"
	"\xf1\xc6\x64\xe8\x6c\x3a\x9f\xf5\x67\x33\x5f\xe9\x9c\x8c\x1c\xee"
	"\xf4\xec\xa2\x01\x05\xd4\x1d\xe2\x5c\xcc\x3d\x38\x0e\xc6\x9a\x98"
	"\x67\x2b\xe7\x1e\x96\x69\x61\xf3\xcb\xb7\xba\x5f\x9d\x7f\x76\x43"
	"\xb2\x11\x3a\xd0\x05\x98\xb0\x3e\xbf\xd7\x78\x69\x79\xec\x38\xd5"
	"\xba\x4d\xe6\xbe\x70\x53\x21\x74\x11\xd5\xd5\x65\xff\x4d\x86\x53"
	"\x92\x68\xcc\x76\xa3\xc9\x9a\xca\xf7\x06\xef\x2d\x1c\x01\x7f\xad"
	"\xfb\xd9\x2b\x18\x14\x8c\x4a\x7e\x05\x8c\x6c\xc5\x10\xb1\xc4\xce"
	"\x17\x5e\xe6\x18\x3e\x04\x97\xee\xae\x97\xcb\x68\xab\x46\x83\x19"
	"\xa2\x16\x61\xcd\xb3\xaa\x50\x44\xf8\x0a\x8a\x1a\x1c\x3b\x73\x6c"
	"\x3a\xe9\xc8\xad\x15\x2d\xbd\x43\x46\xec\x15\x2a\x9f\x05\x4c\x73"
	"\x00\x9d\x4f\x83\x20\xa0\x33\xf5\xad\xf3\xee\x6a\x76\x7a\x90\x64"
	"\xce\x6c\x29\xb0\xd6\x38\xe4\x3b\x37\x45\x06\xc0\x83\xda\xd4\xf0"
	"\x84\xaf\xcd\xde\x99\xd3\xc0\x27\x32\x59\x9f\x94\x0e\x51\x02\xbc"
	"\x39\xb8\x20\x78\x90\xda\x6f\xcc\xee\x8c\xc6\x6d\x92\xb7\xee\x0d"
	"\x70\x4a\x0b\x94\x69\x81\x0f\xb0\x98\x5d\xbc\xb1\xe9\x55\x57\x9c"
	"\xe2\x3f\xa7\xf5\x61\xbe\x07\xe4\x43\x2a\x7d\xc9\x4f\x9d\x0c\x2a"
	"\xf3\xc4\x14\x61\x78\xd6\x1e\x13\xd8\xc2\xda\xc4\x21\x9c\xac\xcf"
	"\xe8\xac\x4f\x4b\xce\x49\x51\x11\x1f\xa4\xb7\xc4\x86\x4e\xa9\x9f"
	"\x2d\x28\x1f\x25\x7a\x83\xd7\x80\xfa\x40\x6b\xf8\x2f\xef\x2a\x3e"
	"\x47\x30\x86\x83\xf6\x62\xe7\x05\xc7\x32\x63\xe5\xcc\xaf\x99\x1a"
	"\xc3\x60\x63\x3f\xd2\xa6\xc9\x34\x3d\xcc\x23\xa0\x02\x76\xc2\x17"
	"\x0d\x0d\xdc\x77\xb7\xbd\x99\x71\x10\xdc\x55\x09\x15\xbd\x98\x93"
	"\x8b\x06\xc2\x42\x0b\x10\x9c\x8b\x0f\xa9\x2f\x4e\x64\x99\x31\x55"
	"\x97\xca\x44\xfb\x50\x90\xcd\x9d\xec\x56\xec\x86\xc1\x3d\x2f\x4f"
	"\x46\x1e\x4d\x46\x20\x02\xdc\xe2\xbb\x95\xcc\x47\x22\x6e\xfa\x24"
	"\x73\xcc\x23\x03\xb9\xab\xf9\xf4\xf3\x85\xff\xde\x36\xcb\x49\x09"
	"\xcb\x2a\xb7\x36\xd2\x85\x78\x05\x88\x2f\x59\x1a\x76\xca\xf0\xaa"
	"\x60\xfa\xb9\xd4\x85\xc5\xfe\x68\x6a\x46\x49\xa1\x2f\x8b\x17\x9c"
	"\x0a\x0e\x24\x7a\x9d\xbb\x40\xac\x53\x0f\x09\x9f\x23\x4e\x51\x07"
	"\xf5\x26\x11\x11\x0a\x8b\x22\xf2\xca\x2a\x4f\xbf\x2b\x39\xf7\x47"
	"\x37\xee\xa2\xca\x57\x4d\x76\x27\xf3\x56\x14\x9e\xb4\x40\xf3\xda"
	"\x0f\x0e\xa7\x0c\x65\x6d\xda\x7e\xfa\x25\xa3\x87\x6e\x9b\x26\xd3"
	"\xef\x09\xc1\x23\x03\x36\xb4\xaf\xa4\xa9\x0b\x07\x69\x57\x60\x52"
	"\x05\x33\x6d\x82\xc6\x19\x61\xb9\x13\x41\xd5\x15\x35\x58\x1d\xde"
	"\xe6\xd4\x3d\x03\xa5\x02\xdf\x02\xae\x07\x75\x11\xa6\x34\x51\x4f"
	"\x4f\xbe\x5d\x1e\x50\xd2\xb8\x6a\x1f\x95\xe2\x80\xfd\xb2\xac\x37"
	"\xe0\x5a\x34\x64\x7c\xd3\xb2\xe3\x0a\x5f\xd3\x0a\xb7\xfc\x1a\x2b"
	"\x76\x3c\x8b\xd4\x05\xb6\xb5\xd9\x4b\xe0\x9c\x5c\x27\x16\xef\xb8"
	"\x37\xbc\x6d\xac\x1c\x44\xc0\xa8\xac\x7e\xde\xd9\xb7\xd0\x10\x68"
	"\xde\x7d\xea\x5a\x9a\x1c\x05\xec\x67\x37\xaf\xde\x4a\x5f\xe7\x3d"
	"\x5b\x53\xd5\xe2\x66\x65\x05\xc1\xaa\x05\xbf\xa5\xd0\x00\xfb\xd5"
	"\x0a\xfe\xf4\x06\xbd\x09\x38\x4f\xb1\x20\x72\xa9\x8b\x88\xbc\xe0"
	"\x1b\xef\x23\x20\xbe\xca\xe6\xf5\xc2\x4d\x77\x9a\x6d\xc4\xa7\x16"
	"\xb8\x77\x5c\x80\xc7\x68\x3d\x90\xae\x0a\x14\x34\x4d\xde\x1a\x6c"
	"\x68\x9a\x4d\xdd\x97\x74\xb4\xa8\x23\x10\x13\xfa\xb9\x2a\x4d\xd8"
	"\x80\x99\xb0\x5c\x55\x2b\x96\x8c\xdc\xf2\x4a\x8d\x18\xb9\x52\x46"
	"\xbe\x7b\x96\x33\xc5\x16\xf8\xc0\x18\x59\x09\x84\x72\x3b\x1c\x78"
	"\xfc\xca\xa9\xf7\x32\x54\x14\x59\x2c\xb0\xea\x0d\xa5\x2c\xb1\xed"
	"\x7d\x00\xaf\x2f\xad\x5a\x70\xeb\x04\x37\xa0\x14\xf3\x2a\xeb\x49"
	"\xeb\xb8\x9c\x7d\xac\x9b\xe2\x50\x1f\x5c\x52\x05\xa6\xb1\x0f\xd2"
	"\xac\x67\x53\x2b\x15\x89\x29\x26\xe9\xdb\xb0\x3d\x40\xfe\xbe\x7c"
	"\x3f\x9b\x6c\x0f\xf7\x7f\x3e\x1e\x77\xf7\xe0\xd5\x6e\x9f\x26\x5f"
	"\x4f\xee\xad\x43\x01\x2c\x17\x92\x26\x51\x3e\x7c\x4e\x5f\x0c\xad"
	"\xfc\x0c\x18\xdb\x64\x38\xc6\x3c\x89\xb5\x2b\x7a\xad\x49\x9d\xfd"
	"\xe2\xa4\x2a\xc2\x87\x83\x97\x39\xf5\x69\x2b\x41\xb1\xda\x4c\xb9"
	"\xf6\x46\x57\x1c\xa3\xf3\xfb\xbe\xf6\xb6\x04\x82\x2e\x74\xe6\xd8"
	"\xd4\x3c\x98\x08\xdf\x33\x0c\xf0\xfc\x03\xf3\x1d\xd6\xc4\x9a\x24"
	"\xdd\xd5\xbb\xfb\x6f\x87\xe7\xd7\x1f\xf5\xc3\xe3\x0b\x3e\xe9\xb9"
	"\xfa\x01\xd3\x7f\x81\x35\xbc\x1b\xe6\xf3\xb4\xc0\x40\x93\x24\xe3"
	"\xa4\x17\x2b\xed\x61\x82\x45\x65\x9e\x88\x0e\x69\xf4\x2b\xfc\x3b"
	"\x0c\x9a\xfa\xaa\x66\xcc\x63\x2b\xb3\x61\xa0\x20\x80\x2a\xa6\xc6"
	"\x54\x54\xb3\xdc\xa9\x42\x62\x39\x68\x81\x3b\x84\x38\x32\x1d\x5a"
	"\x13\x15\xfd\x2a\xdd\xe6\xca\x6a\xd2\xb5\x79\xa7\xcc\xbe\x6f\xbf"
	"\xed\xde\x7f\xfb\xbf\x3f\x1e\x8e\x5f\xde\xfd\xda\xa4\xcc\xeb\x0f"
	"\xe7\x85\x83\xdd\xa1\x19\x04\xe5\x1f\xc6\x82\xf1\xb4\xf0\x6d\xc3"
	"\x1b\x73\x04\x4b\xa7\xe9\xd0\xcd\xd3\x2a\xa1\x17\xb7\x1c\xd8\xa9"
	"\xb2\xfc\xf7\xfe\x73\xb5\x46\x5e\x83\x81\xb7\xa6\xc2\xfc\xe8\x80"
	"\x66\x8e\xea\x65\x77\x78\xf9\xb1\xbd\xdf\x4d\xbe\x3c\xee\xb7\x87"
	"\x9f\x13\x5d\x7a\x7d\xb4\x18\x25\x02\xe3\x33\x47\x21\x96\x0e\x2a"
	"\x93\x7c\x20\xf8\x68\xaa\xe9\xad\xfa\x66\xcc\x8e\x63\x89\x66\x6b"
	"\x89\x61\xbd\x57\xf3\x0c\xce\xb7\x6e\x43\x56\xc6\x82\x95\x6a\x60"
	"\x13\x93\x90\x44\x6c\xba\xe5\x4c\xfa\x0a\xb9\x71\x12\x6e\xf9\x68"
	"\x97\x7c\x36\x61\xba\xe7\x7f\x76\x87\xc9\xf7\xed\x1e\xce\xfb\xfb"
	"\x6e\xef\xb9\x31\x4d\x81\x96\x25\xcc\x4c\x83\x95\x66\xb4\x92\xf0"
	"\x06\x24\x57\x0c\x4c\xbb\xdb\xc2\xaf\x8f\x96\x2c\x82\x93\x24\x81"
	"\x14\x79\x99\xd7\x32\xa3\xd4\x9a\x71\xdb\xd2\xfc\x4a\xc3\x49\x61"
	"\xe4\x3a\x7e\xad\x61\x7e\x42\x1b\xb2\xa2\xbd\xb4\xa9\xdd\xda\xfc"
	"\x5a\xc0\xd4\x21\x79\x82\x2e\x62\x2f\xd5\xde\x14\x42\xaf\xac\x00"
	"\xc4\x4b\x77\x15\x4e\xe5\x30\x7c\x77\x65\x4e\x5d\x9a\xa1\x23\xbc"
	"\xb9\xae\x4b\xbe\x41\x6d\xd2\x95\xb9\x85\xcb\xca\x86\xa4\x3c\x5b"
	"\xd8\xc7\xe0\xa9\xf3\x94\xcd\x2c\xcc\xcd\x56\x76\xc7\x84\xaf\x5a"
	"\x24\xf3\x78\xe2\xcd\x79\x5b\xe0\xf6\xd9\x72\xc3\x59\x79\xc7\x59"
	"\x6d\x40\x16\x61\xec\xe1\x69\x67\xc9\x64\x18\xbd\x79\x3b\xdd\x6b"
	"\x31\xef\x77\x4a\x7c\xfb\x2e\xd8\xba\xf7\x0c\xa1\x43\x5a\xf0\x75"
	"\x9d\x81\x16\xf7\xcb\x66\x1b\x0b\x2c\x35\xcb\x98\x03\xb1\xa0\x21"
	"\xfa\x77\x42\xa4\xa5\x77\xbb\x39\x4e\x92\x7e\x14\x1f\xa0\x48\xb2"
	"\xff\xd4\xdb\xc4\x8f\x28\x4d\xe4\x69\x40\xb0\xd6\x4a\xdf\x6b\x63"
	"\x24\x9e\x1e\x76\xff\x7e\xdd\xed\xef\x7f\x4e\x5e\xee\xb7\x4f\xce"
	"\x33\x6e\xec\x0f\x57\xeb\xda\xdd\x0d\x6c\xd1\x4b\x20\x4a\x89\xda"
	"\xbc\x2e\xf4\x81\xfb\x8f\x89\x3b\x20\x2e\xd2\xd3\x8c\x96\xa5\xf4"
	"\xb4\xb7\x22\x0b\x69\x86\x9e\x7c\x79\x71\x91\x69\x25\x08\x2c\xbf"
	"\x25\xea\xeb\x82\x85\xee\xfa\xd5\xe0\xaf\x77\xe1\xa0\x7a\x60\x3e"
	"\xc9\xaf\xf7\xc0\x27\xc5\x54\xac\xb5\x77\xf1\xeb\xbd\x74\xb8\x0b"
	"\xdf\xe4\xfe\x7a\x17\xfd\x63\x39\x24\xee\x8f\xe3\x3b\x2b\x77\x5f"
	"\xbd\x18\xed\x6e\x06\xe0\xdd\xd6\x05\xe0\xed\x3e\x05\x99\xe5\xb4"
	"\x29\x2e\x8a\x7e\x1a\x1e\xe8\xd5\x6d\x8a\x97\x19\x46\xf6\xa0\xe3"
	"\xfe\xaf\x7d\xee\xf7\xe5\x85\x00\xd1\x6c\xae\x0a\x6d\xbe\x01\x57"
	"\x79\x7e\x1b\xb2\x62\x75\x50\x3a\x63\x98\x84\x6f\x3b\x04\x51\x57"
	"\x4c\xac\x36\x9c\x27\xa3\x88\xdd\x32\x73\xe9\xcf\xa8\x5d\x73\xc1"
	"\xae\x7d\x24\x4e\xef\x58\x07\xf6\x04\xb4\x81\x91\xb8\xc2\xf2\x0e"
	"\xd9\x04\xfe\xad\x57\xaf\xe0\xef\x09\xe7\x55\x0e\x36\xd2\xb6\x4d"
	"\xef\x58\xb1\x3b\x62\xd6\x0a\x37\x72\xa0\xbe\x81\x3b\x56\xee\x5b"
	"\x64\xd3\x52\x27\x8c\xf8\xd4\x16\xd6\xf5\x39\x35\x53\x37\x70\xe0"
	"\x8e\xce\xd3\x6d\xfd\xde\xa7\x40\x50\xe6\xb3\x6d\x6e\x52\x61\xa9"
	"\x17\xfc\xd2\x3f\x4a\xd5\x6b\x6a\x1e\x6a\xda\x4d\x9a\x95\x52\xe2"
	"\x4a\x1e\x0d\x91\x55\x84\x2f\x81\x58\xec\x3f\x7d\x8d\x63\x02\x6b"
	"\x34\x30\x21\x2d\x13\xc1\x35\x04\x37\xa8\x3f\x6a\xd9\xf8\xe9\xd6"
	"\x96\xaf\xe8\xad\xf3\xe3\x1e\xa6\x69\x64\x08\xe6\x9c\x35\x18\x44"
	"\x5a\x99\xb9\xbf\x61\x02\xad\x6d\xe9\x6a\x0d\x06\xac\xea\x55\xb7"
	"\xe1\x03\x98\x08\x6b\x59\x68\x30\xc6\xd2\xd2\x45\x25\xa9\xbd\x27"
	"\xd9\xa3\xa0\xc9\x36\x38\x44\x2d\xfd\x24\x0c\x12\x68\xd8\x88\xdb"
	"\x7e\x16\x40\xca\xa2\xec\x7f\xd7\xc9\x32\x2e\x7b\xa3\x60\x33\xfa"
	"\x48\xfe\x10\x43\x83\x20\x88\xf0\xc3\x35\x9f\x97\x5e\x6f\xc0\x80"
	"\x16\x68\x4a\x83\xfb\x7c\xd3\xbb\x1b\x25\xbe\xf4\x36\x4e\x41\x8f"
	"\xd8\x22\x10\xa8\xc4\xfd\xd2\xab\xf5\xbe\xfa\x2d\xe0\x4e\xf2\x15"
	"\x1b\xdc\xc1\x72\xad\x98\xdb\x54\x25\xa1\xb1\x53\x5e\x05\x17\x09"
	"\xb0\xd3\xa4\x65\x80\x69\x6a\xb2\xb4\x9f\x90\xe3\x75\x97\xee\x7e"
	"\x37\x6d\xf8\xb8\x15\x9d\xd2\x10\x9d\x3e\x1b\xeb\x46\x13\x76\xc4"
	"\x57\xd3\x95\x88\xea\x26\x88\x73\xe1\xa0\xe8\x3b\xd0\x2d\xce\xe9"
	"\xec\x6b\x34\x57\x0d\x7f\xea\xcc\x44\x81\xdd\x9f\xbc\xeb\x61\x8c"
	"\x13\x88\x28\xfd\x7f\xca\xae\xaf\xc9\x6d\x1b\xc9\x7f\x15\xd5\x3e"
	"\x6d\xaa\xf6\xea\x46\xd2\x8c\x2c\x6d\xd5\x3e\x40\x20\x28\xc2\xc3"
	"\x7f\x22\x28\x89\xe3\x17\xd6\xc4\x56\x92\xa9\x73\xec\xd4\xcc\x78"
	"\x37\xb9\x4f\x7f\xdd\x20\x29\x01\x20\x1a\xd4\xa5\xca\x8e\x85\x6e"
	"\x82\x00\x08\x34\xba\x1b\x8d\x5f\xbb\xcf\xa2\xa4\x71\x5b\xc1\x4b"
	"\x5f\x31\x7e\x92\xbe\xd8\x1e\xaa\x8a\x9d\x28\x71\x77\x79\x05\x4c"
	"\x2f\xbc\x7c\x65\xad\x71\x7c\x0f\xfc\x73\x77\x59\xa3\x3e\x7c\x9a"
	"\x81\x87\x1f\xb6\x66\x30\xd0\xa0\x13\x0c\xf4\x7f\xfd\xed\xf3\x8f"
	"\x9f\x5f\x3e\xff\xcd\xae\x3d\x8b\x1e\x94\xf4\xb6\xab\x3c\xae\xcc"
	"\x75\x77\x5c\xf5\xf2\x01\x7d\x67\xb1\x8f\xa2\x4f\x4b\x1c\x42\x77"
	"\x25\x1f\x25\x5c\x1b\xb1\xc8\x1e\xae\xd5\x68\x9a\xad\x7c\xf3\x6c"
	"\x75\xc3\x44\x5b\x8d\x67\x1a\xbe\x3d\x93\xe5\xca\x16\x13\x50\x28"
	"\x53\x46\xd6\x42\xce\xbb\x15\x51\x3a\x39\xf3\x56\x13\x53\x6f\x35"
	"\x9e\x7b\x4e\xef\xaf\x74\x3d\xca\x3d\xc8\x01\x65\xbc\xea\x2e\x5a"
	"\xb2\x42\x97\x28\x59\x8f\x06\x02\xca\xda\x55\x15\x51\x95\xe4\x11"
	"\x18\xf4\xfa\xc0\xa9\x7e\x2a\x85\x53\xdf\x58\xf0\xe8\x62\x5a\xe6"
	"\x01\x91\x12\x4b\x03\xb1\xaf\x94\x6a\xcf\x78\x93\xb1\x3a\x73\xd8"
	"\xe2\x4d\x1a\x35\x6a\xd2\x58\xd6\x3a\xa3\x20\x76\xab\x36\x3d\x8d"
	"\xdf\xed\x61\x4b\x32\xc6\xfd\x3b\x84\x73\x07\x16\x4a\xd0\x25\x84"
	"\xfe\xf6\x8c\x55\x8f\xae\x80\x2e\xeb\x12\x6f\x34\x82\xc9\x1a\x3f"
	"\x51\x92\x5a\x3f\x5f\x26\x4f\x9d\x81\x54\xb3\xac\xf4\x9f\x8c\x00"
	"\xab\x7b\x47\xf5\x52\x64\xde\x4a\x19\x9c\x35\x95\x8c\xd0\x55\x66"
	"\x3c\xd5\xe9\xbc\x18\xd0\x06\x6a\xdc\x2f\x2f\x18\x8f\x44\x81\xad"
	"\x5e\x6b\xf6\x29\x85\x3d\xa9\xd7\x26\x9d\x4e\xdb\x44\x0a\x6c\x6b"
	"\xcc\xa8\xa3\xcf\x03\xaf\x41\x50\x25\x83\x8c\x98\x12\x79\xae\x4f"
	"\x92\xac\x52\x0d\xd3\x34\x02\x55\xeb\x09\x50\x55\x24\x8e\xbe\xe6"
	"\x18\xd5\xb5\xfd\x97\xf4\x91\x7c\xdf\xd9\xa4\xe3\x69\x85\xdf\xd3"
	"\x6d\xb1\xe1\x01\x92\xf7\x14\xd0\xe2\x1a\x23\x2f\x58\x64\x9c\x2f"
	"\x94\xab\x6e\xc4\xa8\x27\x16\xf1\xc2\x5a\x5f\x98\x2d\xda\x88\xf3"
	"\xd2\xee\xf7\x40\xd9\x99\x01\x06\x26\x41\xf1\x9a\x78\x04\xb6\x48"
	"\x30\x87\x04\x31\x8e\x0c\x6d\x45\x46\x10\x63\xb7\xce\x0b\x25\x59"
	"\x2e\x96\x04\x49\x56\x9c\xa0\x78\x00\xfd\x2c\x3a\x4c\x8a\xad\x2c"
	"\x5c\xec\x20\xfb\xb3\xe7\xe4\xe0\x5d\xbf\x69\x49\x36\x5b\x31\x3b"
	"\x70\xc7\x26\xca\xc9\xaa\xeb\x78\x3c\xca\xbe\xc5\x67\x12\xc2\xd3"
	"\x63\xb4\xb8\x76\xe9\x01\x91\x98\xfc\x2d\xc9\x99\x3d\x76\xb9\x36"
	"\x25\x85\x85\x46\xd2\x17\x13\x33\xe9\x4a\xf2\xcd\x8b\x2b\x75\x34"
	"\x9f\x90\xe4\x99\x2c\x58\x1c\x7b\x58\xbb\x59\x60\x8e\x08\x96\x92"
	"\x43\x8c\xc4\xda\x57\x0f\x9e\x1a\x56\xc2\xc6\xc7\x02\x52\xb7\x23"
	"\x05\xc5\x59\x73\xd9\xb5\xb4\xb8\x6d\xde\x35\x8e\xdb\xec\xf3\xf7"
	"\xdf\x7f\x7e\xf9\x76\xfe\x32\xeb\x51\x6f\x7d\xa2\xb6\xa9\x5d\xd1"
	"\x63\x92\x70\x3a\xf4\x64\xab\xe6\xf7\xe7\xd7\x5f\xcf\xef\x96\x43"
	"\xc3\x7a\xae\x66\xd5\x0e\x35\x7d\x04\x4c\x9d\x98\x0c\x57\x6e\x0d"
	"\xc2\xa5\x0e\xd9\x44\x57\x2f\xec\xfd\x1e\x47\x34\x7d\xe0\xba\xf6"
	"\x60\x82\xeb\x2a\x66\x43\x8c\x75\x98\x1e\x29\xdb\x76\xf4\xf1\x24"
	"\xe9\xcd\x43\x92\x60\x8b\x6e\x1c\x0f\xf4\xca\x6a\x3c\xa2\x70\x0b"
	"\x35\xe8\xab\xc1\x1a\x7c\x7f\xea\x35\x0a\xbc\x9c\xd6\x46\xe9\x61"
	"\x08\x8c\xad\xbd\xd4\x3d\xcf\xe6\x88\x68\x55\x4e\xf0\xc4\x93\x4d"
	"\xc8\x63\x72\xbf\x37\x98\x8a\x61\x7f\x0f\x8e\x0c\x7a\x45\xfc\xd0"
	"\xca\x5e\xee\xeb\xd2\x0e\x70\xd5\x62\xa2\x6d\x88\x49\xd3\x4c\x4c"
	"\x78\x07\x4e\xcc\xc7\x72\xd3\x4c\x07\xfb\x2d\x53\x6a\x6a\x18\x80"
	"\x0b\x6c\x06\xbc\xb0\x3f\xbe\x84\x32\x08\x8b\xdf\x9f\xdf\x3f\xff"
	"\x76\xa6\x85\x45\xc6\x6a\xbc\x54\x15\x45\x15\xda\x02\x53\x23\xda"
	"\x71\x3b\x90\x80\x1e\x8e\x31\x3a\x63\x90\x3b\x3d\xa8\xda\x7b\xc2"
	"\xe2\x63\x06\x55\xaf\x8b\x3a\x0c\x56\x09\x32\x65\xfb\x54\x53\xaa"
	"\x99\xff\x01\x0a\x13\x89\x62\xd7\x27\x7c\x7f\x4d\x70\x05\x3e\xf6"
	"\x95\x29\x3c\xeb\x7b\xbe\xf2\x70\x6b\x67\x70\x37\xbe\x99\x57\x1c"
	"\x29\x28\x4d\x1f\xb7\xe2\x65\xb0\x37\x82\xe7\x61\xba\x0a\x3f\x8f"
	"\x50\x20\xd3\x03\xeb\x62\xe2\xfb\x58\xd2\x89\xf1\xec\xfc\x0a\xb7"
	"\x75\x5b\x96\x15\xcb\x77\x62\xa2\xc6\x74\x51\xdf\x58\x9f\x9b\x23"
	"\xc0\xc7\x32\x39\x08\x60\xb2\x4e\xd0\x27\x66\x5e\x67\x77\x77\x8e"
	"\x8d\x50\xbf\xf2\xd8\xb5\xe9\x42\xdc\x85\x8a\x6f\x1b\x04\xe7\xb6"
	"\xb2\x87\xa3\xf3\xc1\x4f\xb4\x0e\xc3\x59\x09\x1b\xcf\xc3\xfc\x58"
	"\xdb\x3e\x0f\x0f\xcf\xfe\x50\x98\xc0\xa5\x14\xc7\xe2\x06\x96\x7e"
	"\x67\x0e\x35\xdf\xb3\x97\x05\xd9\x05\x4b\xb3\xdb\x99\xb9\xc8\x6f"
	"\xae\x1a\x55\xf1\xdb\x46\x11\x51\x5e\x45\x78\x72\x8e\x12\x64\x78"
	"\x39\xb4\xff\x70\x82\xab\x72\xc0\xc6\x3d\x4c\xdd\x76\x79\x5b\xdb"
	"\x51\xf5\x0a\xbe\xf1\x60\xa3\x2c\x63\xb4\x09\x71\xd9\x17\x48\x47"
	"\x35\xce\x45\x50\xfe\xf3\x06\x77\x4b\x8c\x5e\xdc\x8a\x69\x1f\xd4"
	"\x3d\x65\xe1\xba\xa4\x6e\xdc\xc7\xe5\x11\x02\x2e\x74\x85\xae\x03"
	"\xc4\x39\x16\xb1\x89\xa3\x8a\x2a\xf1\x11\x2f\x0a\x8c\xca\xb5\xa5"
	"\xe5\x2b\xcc\x98\x02\xb5\xae\x62\x91\xf0\xd3\xfd\xde\x04\x4d\x29"
	"\x3d\x56\x98\x6d\xee\xc3\xf8\x42\xb9\x2c\xc7\x6e\x41\x2c\xef\x35"
	"\x97\xc4\x5f\x6e\xed\x43\x26\xa1\x2a\x5d\xa7\x9a\x49\xad\x4d\x04"
	"\xd9\x8e\xe0\x67\xbf\xe8\x96\x1f\x1d\xa3\xd1\x22\xab\xa7\x5c\x6b"
	"\x8d\xfe\x93\x31\xd7\xd0\xb6\x1e\xbd\x8e\x2c\x59\x3b\x3c\x8c\xc2"
	"\xac\x0f\x54\x24\xdf\x41\xe8\xf1\x4e\x3f\x5c\x1d\x79\x18\x95\x7c"
	"\x97\xd2\x2d\xe8\x35\x37\x49\x1e\xcd\x5d\x59\xe1\x83\x4c\x33\xc1"
	"\xf0\x93\xdd\xa8\xd8\xc9\x6d\x1d\xe8\xd2\x07\x04\x38\x72\xcb\x61"
	"\xd2\xfb\xe7\x0c\xa3\xbe\x3e\x10\xae\x7d\xed\x97\xf1\xbf\x57\xff"
	"\xdf\x85\xbc\xa2\x17\xf2\x8a\x58\xc8\x2b\xdf\x42\x5e\x11\x8b\x72"
	"\x35\x72\x7c\xf6\x85\xae\xff\x03\x8b\xbd\x03\xb9\x72\x56\x94\xf1"
	"\x19\x56\xe6\xa2\x22\x3e\x95\xc1\x23\x0e\x72\x75\x3f\xcd\x86\x43"
	"\x33\xcd\x85\x66\xcc\x34\x57\x92\x4e\xf3\x60\xcf\xbb\x38\xc8\x69"
	"\xde\x2c\xa1\xc7\x68\x24\x2c\xfc\x55\x54\x75\xe8\x35\x5e\x9f\x83"
	"\xcd\x32\x9e\x8e\xab\x09\xf1\xb2\xba\x55\xbe\xac\xac\x05\x6c\x17"
	"\x77\x8b\xc9\xad\x75\x58\x4f\xa1\x3e\xe5\xde\xeb\x22\xc3\xe1\x43"
	"\xdc\x8a\xad\xbb\xf4\x7a\x1a\x10\xd0\x33\x7b\xa8\x2d\x71\x62\x10"
	"\xeb\x7e\x30\xfc\xa1\xa8\x26\x5f\x4e\x5c\xc1\x37\x98\xd6\x77\x8b"
	"\x76\x39\xc5\xc4\xb2\x82\x02\x35\x33\x98\x88\xc0\x02\x83\x45\xde"
	"\xc0\xb1\x9a\x62\xd1\x0a\xff\x14\x93\xeb\x92\xf2\xf1\xf4\x3a\xee"
	"\x14\x9b\xaa\x27\x5b\x7d\x4c\x09\xe4\x0c\x7b\x78\x2a\x51\xa6\x4f"
	"\x53\x7c\xd1\x0d\x1f\x0d\x7b\xd7\x4e\x72\x0d\x7b\xd5\x64\x07\x6f"
	"\x78\x23\xc8\xd0\x29\x16\xed\xdb\xa2\xb6\x2e\xd7\xd2\x36\x94\xc6"
	"\xce\xb1\x6d\x5c\x49\xae\x81\x7d\xbb\x6b\x8b\xed\x47\x9e\xd7\xde"
	"\x8b\xcc\xf5\x35\x9e\xbb\x8b\x15\xd1\xe7\x92\x78\x92\x3f\xae\xc9"
	"\xc3\xa7\x12\x36\xf7\x03\x98\x51\x4f\xe4\xfe\x7b\x4a\x9a\x7f\xaa"
	"\x05\xa1\x37\x9b\x11\x10\xdd\xcb\x9d\xd8\x89\x8a\x48\x97\x51\x53"
	"\x29\xca\x58\xed\x73\x4d\xa3\xc5\x6d\x01\xca\x2e\xea\x32\x70\xe5"
	"\x4e\x93\x8f\x86\x86\xa9\x0b\xcc\x2c\x08\xba\x40\x58\xe9\xfb\x4c"
	"\x35\xb5\x9b\x16\x23\xd1\x26\x77\x19\x7c\x70\x44\x27\x1b\xe3\xbd"
	"\xea\x20\x10\xc5\xdc\x83\x62\x28\xf2\xf6\x13\x97\x1c\x0a\xaf\xf9"
	"\x9e\x40\x59\xe7\xb9\xf0\xe6\x94\x4b\xad\x73\x10\xf8\xb9\x20\xe6"
	"\x6c\x43\xa1\x08\xa6\x7e\xc9\xd2\x2c\xfc\x70\x4a\x29\x2b\x09\x08"
	"\x97\xa4\xc8\x09\x8b\x69\x95\x16\xa7\x92\x90\x29\x52\x08\x81\x1d"
	"\x7f\xb8\x27\x42\xb5\x06\x40\x39\xad\x9e\xed\x7f\x9c\x7f\x9c\x5f"
	"\xbe\xfd\xfa\xdf\x3d\x96\x9d\x83\x15\xda\xf3\xb7\x7c\xbb\xa7\x6b"
	"\x6b\x13\xfb\x6e\xcb\xa5\x38\x56\x3c\xf0\x14\xe2\xa2\xd9\x01\x5b"
	"\x6a\x70\xa6\xec\x7d\xd5\x55\x04\xbe\xe6\x40\x57\xf1\x76\x82\xbe"
	"\x0f\xd2\x6b\xb1\x4f\xc3\x0c\xdb\x38\x48\xdf\x4d\xb5\x30\x52\xe4"
	"\xbe\x33\xb0\xc0\xff\x45\x16\xae\xa4\xaa\x82\xf4\x6c\x8f\x03\x1b"
	"\x64\xe1\x49\x41\x40\x87\x0d\x1c\xfb\x89\xb1\xe2\x78\xf7\x3d\xc8"
	"\x11\xef\x6f\x62\x0a\x92\x93\x24\x3c\xe0\x0e\xbc\x98\x43\xbd\x06"
	"\x60\x8c\x1f\x4c\x89\xab\xc6\x97\x41\x1e\x5f\xe4\xe8\x96\xc5\xd7"
	"\xe7\xb7\xb7\x97\x5f\x5e\x3e\x8f\xc3\x3e\xc0\x88\x1b\xbd\x0b\x8a"
	"\xf0\x5a\x1c\x81\x10\x34\x70\x68\x65\x8e\x5a\xad\xc8\x10\x9f\xec"
	"\x75\x82\x65\x8e\x7b\xa5\x2f\x22\x93\x10\xf5\x64\x5f\xac\x8d\x6e"
	"\x82\x3a\x96\xe1\x36\x02\xc3\x2a\xd4\xc4\xb4\x38\xf9\x2a\xe6\x01"
	"\xa7\x78\x37\x3c\xa3\x43\x90\x4b\x7d\xa2\x0a\x36\x49\x5b\x0e\xfe"
	"\x0c\x2f\x3a\xf8\x52\xd3\x9d\x98\xec\x8b\xcb\x8c\x3f\x1a\x19\x48"
	"\x0d\x12\x77\x63\x8a\xfb\x72\x7d\x0a\xe2\xa5\x74\x1f\x62\x5c\x9e"
	"\x09\xc7\xfb\x39\x10\xfa\xec\xaf\x4e\x6f\x18\x77\xdd\xc7\x58\xd4"
	"\xb9\x6e\xa9\x59\x8e\x0c\x3b\xe7\xc1\x1d\xeb\x22\x49\xb6\x81\x67"
	"\x32\x59\x55\x36\xa6\xe8\x40\x51\x2c\x2b\x53\x5a\x34\x30\x6d\x3f"
	"\xd7\x41\x3a\xa5\x2d\x5e\x7a\x24\x02\xe7\xe9\x5d\x23\x24\x75\x9e"
	"\xd0\x91\x1f\xb7\x22\x92\xde\xd1\xe2\xce\xc9\xfb\x88\x81\xd4\xc4"
	"\x07\x06\x98\x8e\x41\xfa\x70\x14\x15\xee\xc0\xe3\x36\x2b\xa2\xf0"
	"\x28\xc6\xe1\x51\xee\xa2\xed\x30\x7c\x3d\xb8\x06\x64\x1e\x05\x24"
	"\x60\x2c\x63\xeb\x76\x6f\xc4\xfd\x3b\x64\x94\xe3\x95\x7c\x55\x60"
	"\xb2\x5c\xbf\x1a\x0f\x6a\x23\xd3\x10\xce\x7e\x00\xe6\x52\xe4\xc7"
	"\x31\xe6\xd7\x55\x19\xeb\xfc\x34\xe4\x21\xa2\x0e\xa4\x21\xaf\x2b"
	"\xc0\x8c\x24\x9f\x6c\x73\x02\xf1\x3e\x51\x15\x35\x30\xba\x9d\x91"
	"\x38\xba\x13\x28\x5d\xa2\xb3\x10\x7d\xd8\xfe\x63\x90\x7d\x55\x1b"
	"\x0e\x06\xfc\xa5\x63\x3f\x5b\x19\xfd\x6b\x6e\x95\xaa\x2c\x72\xf8"
	"\xb2\xc4\xc2\x8f\xd3\x65\x07\xb5\x25\x5e\x32\xfa\x6e\xba\x10\xb4"
	"\x69\xbc\x5c\x4b\x2f\x9d\x9c\x13\xa0\x79\x55\xa6\x35\x65\x50\x4d"
	"\x03\x64\x7f\x73\x2a\x33\x41\x61\x15\xeb\xcc\xa1\x66\x18\x67\x53"
	"\x2a\x4f\x56\x3b\x1d\xc1\x49\x29\x21\x06\x4f\x17\xfd\x42\xcd\xe0"
	"\x0a\xd3\x45\xaa\xa7\xd6\xce\x5f\xb5\xdd\xa7\x6e\x3a\x29\x55\x57"
	"\x82\x65\x1e\xd0\x74\x33\xaa\x1f\x51\x29\x9c\xb3\x40\x3d\x2b\x8f"
	"\x6d\x9e\x66\x66\x3a\xda\xfe\xa6\xce\xec\xfd\xfc\xf6\xee\xd1\x86"
	"\xcb\xc7\xda\x49\xc9\x6a\xdb\x23\x98\x46\x23\x2b\x72\x59\x17\xfe"
	"\xa5\x94\xb0\xac\x62\x11\x35\x36\x5e\x64\xae\xad\x89\x2c\x83\xce"
	"\x1f\x11\x59\x9e\x34\xb4\xe5\x63\x3c\xcf\xf7\xaf\x5d\x78\x22\x17"
	"\x25\x45\x4b\x64\xe4\xbd\xe1\x0d\x14\x65\xbd\xd6\x76\x5f\xeb\x02"
	"\xc2\xf8\x44\x9f\x81\x48\x63\x22\x6b\x37\xfa\x30\x3a\xcb\xf2\x02"
	"\x03\xf0\xf5\xc7\xf9\xfd\xfb\xf7\xf7\xdf\x66\x5f\xce\xff\x7e\xf9"
	"\x7c\xf6\x5d\x35\xc3\xf6\x70\xb9\xad\x9d\x69\x3a\xa2\x2b\x6a\x68"
	"\x3b\x86\x03\x23\x3c\x8d\xfd\xf3\x3c\x5b\xdc\x2d\x9b\x10\x47\x1c"
	"\x6e\xc1\x31\xe1\x92\x22\x67\xd5\x31\xf5\x82\xc6\x67\x48\xd5\x17"
	"\x09\xcd\x11\x8f\xf1\x4e\xb5\xcc\x3c\x45\xed\x89\xe7\xcb\xcd\xc6"
	"\xc6\x05\x8e\x61\xc1\x54\x94\xd5\x1f\xb7\x8f\xdc\x3f\x3d\xa6\x16"
	"\x0f\xde\x6e\xaa\x0e\x96\x23\xf2\x24\x31\xe5\xbc\xf2\x94\xb4\x96"
	"\x6a\x73\x12\x3a\xfa\xce\x3c\xb4\xd2\x45\x76\xda\x59\x5d\xa4\xca"
	"\xa7\x11\x93\x3c\x9a\x80\xe8\x3b\xb4\x69\x0d\x20\xbe\x3c\xd5\x05"
	"\x3a\x37\x7c\x56\xd8\xa7\x3b\x03\x37\x0a\x72\x91\xc2\xee\x54\xb5"
	"\x27\x56\xe5\x60\x10\x78\x01\x84\x06\x6e\x2e\x30\x2f\x55\x9f\x11"
	"\xac\x2d\x72\x33\xfd\xd5\x85\xa9\x12\xf0\x43\xa4\x29\xe6\x0b\x82"
	"\xc5\xe3\xc4\x19\x5b\x6c\x98\x52\xa6\x41\x78\x2d\x59\x85\x5e\x3b"
	"\x38\x94\x4a\x45\xf4\x81\x44\x3e\x1a\x58\xf4\x0d\x3c\xcc\x70\x02"
	"\x6f\x8d\xb6\x9e\x46\xf3\x2a\x62\x03\xca\x8f\xf7\x25\x38\xe4\x7e"
	"\xef\x84\xdc\x6a\x0e\x2a\x1d\xc2\x88\xe8\x90\x50\xd7\xd6\xc1\x28"
	"\x1a\x93\x46\xc3\xa9\x19\x77\xf9\x4f\x12\x4a\x7d\xdb\x4e\x8c\xc8"
	"\x41\xe6\xce\x83\xbf\xad\xfb\xef\x7d\x11\x0a\x21\xcb\x21\xd6\x15"
	"\xcb\xbc\x24\x22\x78\x7b\x06\x44\x11\x24\x85\xf8\x86\xc0\xbb\x62"
	"\xd2\xaf\x1c\x72\x51\x62\xa0\x09\xe1\x7e\x88\xbd\x4e\x90\x98\xb7"
	"\xb9\xed\xe6\xa8\x19\xfc\xb5\xa7\xea\xc0\xf1\x5b\x2e\x1e\x08\x88"
	"\xf6\x72\x42\x71\xa7\xd4\x4d\xdf\xb5\x8e\x41\x29\x54\x75\x87\x84"
	"\x67\xa4\x78\xab\x0a\x3d\xf7\x47\x76\x2e\xac\x33\xd4\xe1\xbc\xf3"
	"\xe0\x49\x83\x34\xf5\x1c\x8e\x53\x4f\xe0\xf6\xfd\x51\x5e\xf6\xde"
	"\xa8\x93\xff\xde\x2b\xfd\x2c\xdb\xb2\x4b\xa6\x9b\xf3\xb7\xf3\xeb"
	"\xcb\xe7\x9e\x71\x56\x5c\x6e\xd4\x5e\x07\x24\x65\x35\xde\xdc\x1e"
	"\xc1\x27\x0f\x37\x64\xbb\xdc\x89\x6e\x00\x94\x55\xdc\xe2\x65\x4c"
	"\x0b\x2d\x05\x7a\x51\x67\xa5\x77\x31\xc2\x3c\xcf\x23\x96\x16\xb9"
	"\x95\xdd\xb3\xab\x2e\x96\x55\xa6\x13\x71\x68\xc4\x13\x03\xac\x09"
	"\x54\x12\x0d\x58\x63\x14\x0d\xac\x32\x1f\x81\xa9\x20\x1a\x20\xbb"
	"\x70\x60\xc3\xdc\x7a\xba\x8c\x74\x6e\xa7\xbc\x64\x33\x85\xcb\x15"
	"\x84\xeb\xd4\x8e\xf0\xdc\x86\xa5\xca\x34\xbe\xc5\xd1\x03\x57\x82"
	"\xa0\x5d\x27\x82\xe6\x94\x3a\x69\x2e\x3b\xc8\x88\x40\x1e\x4c\x78"
	"\xbc\x22\x82\x0f\x3b\x06\x14\xff\x7d\x35\x6d\x07\xf1\xe7\xdf\xe5"
	"\x9e\x54\x9b\x3c\x41\xb7\x8f\x52\x11\x8a\xd9\x00\xbe\x81\xf7\xc7"
	"\xbb\x24\xd0\x2a\x80\xe7\xa6\x33\x98\xc1\xd4\x72\xe0\xc3\x4c\xf2"
	"\xf1\x90\xc2\x0f\xb6\x95\xa9\xac\xad\xeb\xaa\xa0\x77\xa2\x66\x6b"
	"\x26\x84\xda\x59\x21\x05\xdd\xef\x56\x9a\x69\xdc\xfb\x32\x65\xe6"
	"\x3a\xbc\x94\x65\xe3\xc2\x2c\x93\x96\x0d\xd1\x17\x9f\x78\x84\xc0"
	"\xe4\x5e\x74\x27\xcd\xd0\x7d\x4c\x9d\xf6\xdb\xd0\xd3\x86\x31\xcf"
	"\x58\x87\x9a\x19\x61\x96\xf6\xd8\x3e\xd0\x45\x62\x2c\x10\xcd\x4e"
	"\x87\xef\xfa\x44\x0a\xe6\x8a\xca\xd8\x75\xb5\xff\xf2\xfc\xe3\x6b"
	"\x07\xc9\xfd\xf2\xeb\x8f\xef\x3f\xde\x66\xbf\x9f\x7f\xff\xfe\xfa"
	"\xd7\xec\xf9\xf5\xfc\x3c\x7b\x7b\xf9\xdf\xf3\x3f\x4d\x58\x28\xa6"
	"\xf7\x8f\x36\xd3\x01\xa9\xc6\x85\xd8\x0b\x05\xb4\xce\x81\xea\x80"
	"\x0b\x5e\xc8\x08\x87\x27\x50\xd4\x0a\x12\x6a\xf0\x5a\x95\xcc\x6f"
	"\x60\xf2\x6e\x60\x1a\x94\xf0\x02\x3c\xb7\x76\xa7\x47\x87\xdb\x5f"
	"\x80\x65\x53\xec\x2e\x80\x47\x88\x77\xdf\x29\xc0\x6f\x76\xf6\x8f"
	"\xac\xe5\x5c\x22\x6a\x71\x99\x1d\x48\x6c\x04\x60\x79\xf8\xf3\xcf"
	"\x09\x16\xea\x14\x52\xa7\xdd\x68\x77\x52\x6d\x81\xd1\x6b\x96\x22"
	"\x32\xb2\xd8\x4a\xcb\xe7\x88\x7e\x1a\xbc\xa7\x9c\xb5\x0e\x6e\xfe"
	"\xd5\xf0\xef\xd3\x0a\xb4\xdd\x6f\xdf\xfe\x90\xc8\x7e\x2d\x5c\xb5"
	"\x8a\xc4\x83\x90\xaf\x47\x04\x28\x06\x52\xb9\xb1\x3f\xe0\x23\x7d"
	"\xf6\x8c\x0b\x63\x6f\x4b\x8c\x32\x08\x20\x6f\x77\x9d\xcd\x40\xf7"
	"\x84\xb2\x03\x97\x36\x34\x14\xec\x8b\x9c\xb2\xe2\x76\x39\x91\x2b"
	"\x21\xab\x7d\xe6\x6c\x54\x1b\x2b\xb9\xb0\x1c\x9e\x05\xa6\x43\x96"
	"\x35\x61\x2c\x01\x35\x4e\x11\x4f\xc6\x8c\xaa\x87\xc2\x0e\x4e\xd2"
	"\x4b\x7a\x2c\xb6\x1f\xad\x02\x0c\x4a\xb7\xb4\xf5\x6b\x99\x9d\x4e"
	"\x01\xca\x41\x34\x58\xbf\x2d\x7c\x04\xf8\x9d\x45\xe6\x99\x0d\x14"
	"\xb8\x15\xe8\xbc\x03\x4e\x25\x88\x6f\x5b\x1d\x11\x5c\xda\x84\x98"
	"\x05\x02\xda\x32\xce\xc7\x87\xd2\x1e\x07\xcc\x3f\x1a\x5b\xe8\xb1"
	"\xa8\x9e\xd0\x99\xe1\x60\x34\xa2\x6e\x4b\xe7\x7d\xf7\xe5\x7e\xcb"
	"\x0f\xa0\x08\x6e\x89\xe3\xba\x81\x09\x73\x0a\x28\x05\x6d\xaf\x65"
	"\xb9\x5c\x34\xbe\xc5\xfe\xa9\x62\x16\xfa\x06\xfe\x86\x67\x23\x22"
	"\x72\x5f\x93\xb5\x80\xdd\x3a\x69\x34\x6d\x96\x1e\xa0\xd2\x87\xf9"
	"\x39\x6a\x65\xc4\xf8\x86\x50\x0d\x07\x96\x43\x46\x1c\x2c\x0d\x0c"
	"\x1c\xd3\x7b\xea\x0b\xa0\xf4\x30\x62\x1e\xbe\x72\x9c\x5c\x0f\x4b"
	"\x35\x7e\x6d\x87\x7d\x0d\xa2\x79\x5c\x3b\xa6\x8e\x2b\x52\x27\xf3"
	"\xd4\xb8\x23\xd5\x36\x9c\x45\x2f\x9f\xa0\xab\xc7\x09\x7a\xb3\x0e"
	"\x74\xaf\xfb\x92\xe3\xc2\x6b\xc7\x3c\x34\x6d\xd5\xac\xe7\x9b\x85"
	"\x21\x3d\x22\x44\x24\x2c\x1f\x6b\x1e\x1d\x23\xea\xa0\x58\xcf\x74"
	"\xf4\xeb\x05\x1b\x3c\x35\x20\x95\xf2\x4e\xca\x23\xae\x39\x54\x62"
	"\xfa\x84\x66\x7a\x09\x1a\x4a\xa1\x4b\xe7\xa9\x74\xae\x83\x5c\x46"
	"\xfc\x98\x11\x86\x05\x10\xda\x98\xd3\xb4\x2e\xba\x6a\x2c\xc6\x5f"
	"\xde\x3e\xfb\x76\x3a\x25\x72\x50\xce\x10\xf2\x4d\x2d\xd3\xe3\xdd"
	"\x82\x18\xb8\xe8\x61\xf1\xd0\xb4\x51\x59\xf8\x0d\x3c\x8d\x36\xe4"
	"\xea\x38\xc6\xa1\x3a\xe8\xb1\x44\xfa\x10\x4c\x73\x27\x0b\x7e\x4f"
	"\x44\x54\xc4\x99\xd6\x64\xfd\x87\xee\x5c\x6d\x96\x0b\x75\x7f\xe7"
	"\x37\x94\x41\x2b\x4a\x0b\x75\xa8\x44\x3b\x8c\xba\xdf\x37\x08\x3a"
	"\x5f\xea\x37\x4b\xf5\x06\xcc\x0b\x99\xa3\xfd\xe5\x1f\x97\x32\x52"
	"\x1b\xb0\xb9\x19\xe1\x2d\x97\x2a\x5d\x6c\xee\x88\x9c\x4d\x1d\x71"
	"\xe1\x97\x20\xc3\x77\xa9\x81\xe9\xe1\x21\xcc\xb3\x4d\xe6\x1f\x3e"
	"\x84\x59\x74\x43\x37\x77\x7e\x2f\x5b\x92\xf1\xd5\xf2\xc1\x1f\x73"
	"\x11\xa9\xf9\x6a\xbd\x20\xbe\x0e\x8a\xc0\x0f\x0f\x73\x3f\xf9\x00"
	"\x8a\x4d\xe7\xf7\x6f\x63\xc5\x36\xf7\xeb\x3b\x22\x14\xa3\xae\xe1"
	"\xe3\xb4\x82\x97\x4b\x8f\xca\x72\xed\x49\xc5\x7c\x51\x34\x49\xc4"
	"\xcb\x76\xaf\x84\xb0\xf2\x78\x5d\x0b\x0c\x18\x5d\x9d\x55\xb5\x22"
	"\xf3\xa8\x0c\x29\x5b\x5a\x42\x2d\x38\xc8\xa8\x03\xbc\x47\xc4\x21"
	"\x0b\xf8\xc9\x24\x90\xb8\x87\xfd\xce\xa2\xef\x16\x0c\x81\xfc\xd7"
	"\x99\x86\x30\x40\x04\x54\xa5\x46\x1c\xd6\x46\xe4\xb1\xdb\xe4\xaf"
	"\xfb\x36\x52\xf0\x8a\x01\xd8\x05\xfe\x2f\x84\x86\x1a\xa6\x44\xea"
	"\x33\xb4\x12\xbd\xe7\x0b\x77\x1f\xd7\x12\x42\x08\x18\xb3\xcc\x50"
	"\xe6\xae\x4b\x4b\x53\x40\x9c\x2e\xfc\xeb\xf6\x4a\x7f\x08\xd1\x53"
	"\xb1\x63\x04\x4c\x55\xcf\x01\x8a\xfe\x6a\xfd\x21\x58\xc9\x66\xc9"
	"\x9b\x55\x98\xa1\x69\xee\x83\x1c\x32\xaa\xdb\xf5\x26\x29\x85\xf2"
	"\xaf\x0f\xbe\xfd\x30\xbf\x1b\xc9\x21\x3d\x20\xf5\xf9\xcf\xe7\xb7"
	"\x99\xfc\xf6\xf6\xfe\xfa\x03\xd1\x1c\xdf\x66\x6f\xbf\x81\x21\xf5"
	"\x65\xf6\xfe\xfa\xfc\xed\x0d\xc7\x6d\xf6\xf5\xe5\xdb\x79\xf6\x05"
	"\xc4\xef\xcb\x1f\xf8\x4f\x73\x1c\x6b\x4c\x26\x15\x5c\xb7\x28\x96"
	"\xd1\xfe\x9c\x66\x02\xc3\x75\x0c\x4b\x8c\xd1\xdf\xcf\xb3\xb8\xdc"
	"\xb1\xd9\x2f\x2f\xaf\xbf\xff\x07\x13\x45\x7d\xf9\xfe\x9f\x6f\x5f"
	"\xbf\x3f\x0f\x97\xbb\x2d\xb3\x07\x43\x58\x19\xce\xd1\x32\x1d\xdf"
	"\x0d\xf9\xf6\x7e\xfe\x3a\xcb\x24\xd7\x46\x53\xe7\x05\x1a\xc0\x2b"
	"\x15\x97\xb1\xa7\xf8\x08\x8a\xc7\xb8\xf4\x5a\x51\x82\xc9\xa1\x28"
	"\x22\x7f\x7e\xfd\xe2\x7b\x0d\xc9\xff\xfd\x8f\xd7\xef\xb0\xbb\xbd"
	"\x7d\x7f\x9d\xa9\xf7\xe7\xf7\xb3\x01\xb2\x39\xfb\x3b\x2f\x54\xf6"
	"\x93\xe1\xe4\xba\xb4\xef\x52\x9d\xe9\x94\x38\xed\x09\x54\x62\x9e"
	"\x10\x87\x48\x4d\xaa\xb1\x98\x49\x22\x8b\x0f\x83\xcb\xa4\x28\x15"
	"\xc9\xe6\x38\x34\x75\xb3\xe2\x97\x6f\xbf\x9e\x5f\xff\x78\x7d\xf9"
	"\xf6\xae\xc7\xe4\x97\xeb\xef\xfe\xd4\xc6\x6c\x7d\x5c\x56\xf0\xc7"
	"\xaf\x20\x98\xa2\xa4\x24\x65\x8d\x3e\x19\x56\x09\x08\x15\xeb\xac"
	"\xe3\x31\xbb\xdb\x6c\x88\x6d\x06\xb7\x82\xea\xb8\x5e\x13\xeb\x0c"
	"\x8c\x56\xd0\xa8\x3b\xe1\x77\x18\xdf\x3a\xc2\x24\xd2\xa4\xe9\xa8"
	"\x33\x4c\x67\x85\x15\x39\x51\x31\x10\xb9\x68\x86\x79\x9d\x82\xdc"
	"\x4c\x0c\xa7\x1f\x8f\xec\xcc\x07\xba\xac\x3f\x02\x27\x62\x4e\xf1"
	"\x9d\xfb\x00\xb4\xac\xe6\xc0\x33\x95\xf6\x7a\xa4\xa6\xbb\xd1\xb7"
	"\x7f\xf6\xfe\xd7\x1f\xe7\xd9\xdf\x61\xd9\xff\xcf\x3f\x66\xef\xcf"
	"\x7f\x9c\xff\x31\xe3\xd1\x7f\x81\xb0\xf9\xc9\x80\x52\x1e\xb4\x63"
	"\x1b\x1a\x3b\xa9\xba\x52\x02\xdf\xb1\x27\x17\x8a\x60\xb8\xd4\xea"
	"\x3d\xff\x18\x2a\x37\x22\x3d\x2f\x65\x66\xe0\x8e\xee\x1f\xe2\x60"
	"\xd6\xcc\x39\x6d\xd1\x94\xb4\xd8\xed\xfc\xc0\x3f\x9a\xac\x38\x06"
	"\x2e\x20\xd0\xb1\x35\x36\xf5\x20\x13\x6d\x0d\x54\x3f\x51\xca\xf1"
	"\x07\xb5\x59\x62\x3e\xc5\x21\xf5\xdf\x13\x4c\x8a\xa9\x5b\x58\x60"
	"\x21\x52\x19\x28\x3b\x9e\xaa\x0c\xce\x40\xcc\xc8\x90\xe2\x49\x98"
	"\x75\x55\x41\x53\x6a\xe2\x82\x73\x47\x45\xb4\x40\x54\x27\xe2\xc0"
	"\xcb\x79\xb3\xdb\x2e\x3b\xfe\x30\xd3\xfd\x14\xd3\x36\x6f\x16\x01"
	"\x9e\xad\x58\x04\x88\xfd\x4c\x5b\x9e\xda\x06\xfe\xd3\xab\x92\x7e"
	"\x53\x52\x12\x51\xc3\x9a\x0a\x75\x6c\x9a\xa6\x09\x32\x04\xbf\x07"
	"\xe3\xac\x0a\xbc\x9d\x31\x1e\x6e\x1e\x93\xfc\x43\xb0\x01\xc8\xb0"
	"\x99\x60\xd8\xdc\x87\x18\xb2\x63\xb0\x07\xd9\xf1\x90\x05\xbe\x94"
	"\x06\xcd\x82\x79\x11\xe0\x40\x97\x62\x45\xd3\x31\xa5\xea\xc2\x4f"
	"\xcf\x40\x13\xd3\x42\x35\x17\x27\x2a\xd2\xe2\xc2\x13\x50\xdb\x2e"
	"\x3c\xe1\x9e\x96\xf5\x72\x8a\x61\x11\x5e\x7d\x19\xab\xea\x72\x2f"
	"\xa9\xc5\x77\x88\x55\xc2\xa3\x91\xd8\xea\x8a\xdd\x4c\x9a\x3e\x8e"
	"\xfe\x24\xcb\x57\x43\x1b\x9d\x38\xac\xe1\x0b\x4f\xa0\xaa\xc1\x3f"
	"\xea\x6d\x05\xcf\xa2\x29\x39\x8a\x55\x74\x3e\x1c\x47\x32\x5f\x09"
	"\xed\xbe\x96\xa3\x37\x24\x65\x2d\x09\x9f\x4f\x37\x7c\x39\x11\x1d"
	"\xdb\xef\x96\xcd\x72\xbe\x99\x07\x16\x4b\x7c\xa8\xd1\xae\xee\x20"
	"\xd3\x03\xf2\xb8\x0c\x09\xeb\x1c\x93\xc1\x07\xe9\x6c\x4e\xa4\x65"
	"\xeb\x3a\x51\x8b\xc0\x62\x53\x4f\xd9\xc3\x92\xaf\x41\x2c\x2d\x68"
	"\xa6\x3d\x8c\xbf\xe4\x98\xa1\xf1\x2e\xc4\xc4\xa6\xa4\x68\xc4\x97"
	"\x9b\x87\x3f\x03\x2b\x13\xdb\xb2\xf9\x70\x4f\x73\x9c\xa2\x0f\xf3"
	"\x4d\xa0\x3b\x74\xa2\xa6\x4e\x13\xc9\x26\xc4\x5b\x99\xad\xef\xee"
	"\xe6\x34\x7d\xd8\xad\x60\x6d\x64\x5c\x06\x04\x75\x94\xd0\xb4\x42"
	"\x45\xdd\x67\x65\x8e\x0b\xdf\x3c\x7e\x2e\xd1\x09\xe7\x5b\x5f\x4e"
	"\xa8\xdc\x20\x51\x22\x9f\x7b\x2c\x23\xdc\x73\xd4\x41\xea\xc5\xd3"
	"\x99\xe9\xe3\xe0\x5a\xe6\x63\x8f\x63\x94\xd9\x07\x6b\x84\x02\x68"
	"\x72\x50\xb6\xbe\x7e\x4d\x6c\x9f\x05\x0e\xec\xbd\xeb\x2f\x63\x39"
	"\xdb\x81\x22\x8e\x3f\xfc\x12\x00\x1e\xd0\x4b\xdc\x3c\x09\xbc\xc4"
	"\xad\x74\xa8\xcb\xd7\x72\x95\xb3\x52\x25\x45\xed\xbc\xb1\x4e\x64"
	"\x8e\x6a\xea\x51\x62\x66\x11\xca\xa1\x8d\x6f\x22\x33\x8a\x45\x98"
	"\x46\x94\x51\x24\x8c\x6a\x26\x8e\x6b\x80\x4a\xce\x49\xa0\x7d\x12"
	"\x55\x41\xd6\xea\x43\x65\xb6\x47\xd2\x7f\x58\x01\xa4\x2e\x9a\xc0"
	"\x19\x87\x38\x65\x4e\x54\xef\x95\x06\x26\x99\x75\x0d\xfb\x52\xd4"
	"\xc6\x82\x3b\xf5\x04\xe2\x6d\x81\x8a\x97\x9a\xf5\x19\x83\xa2\x38"
	"\x30\x68\x68\x47\xde\x52\xbd\xbe\x99\x1d\xb7\x14\x07\xcb\xa3\xaa"
	"\x80\x1d\x76\xe0\xac\xc1\x38\x52\x98\xa9\x8f\x8b\x6b\x42\x15\x9d"
	"\x9f\x30\x22\x66\xa6\x7d\x69\xe0\x02\x64\x46\x78\x59\xe3\x83\x72"
	"\x30\x5d\x3b\xbb\x5b\x08\x31\x9b\x2f\x37\xf7\xb3\xbf\xc7\x2f\xaf"
	"\xe7\x13\xfc\xf9\xc9\xe7\x2a\x8a\x65\x25\x30\x52\xcd\x5f\x77\x4f"
	"\x6c\xf3\x42\x3d\xf9\x83\x48\xfb\xa8\x00\x33\x29\xa0\x83\x38\x6d"
	"\x07\xbb\x6d\x8b\x3c\xb2\x2e\xb2\x69\xd7\xb4\x95\x42\x04\x5e\xb8"
	"\x3b\x50\xda\xa2\xd8\x1f\x58\x2a\x3f\x05\xae\x41\x10\xce\x77\x19"
	"\xb8\x09\x55\x0b\x96\x51\xc1\x5c\x64\x74\xfc\xb1\xa1\x28\x78\xa2"
	"\x4d\xc4\x5c\xec\x88\x8b\xb1\xf0\x22\x25\xc8\x1b\x31\x68\xe8\x15"
	"\x74\x24\x13\x06\x03\x93\x7d\x43\x22\x5a\x8a\x75\x55\xa4\x94\x7b"
	"\xb5\x8b\x76\x96\x65\xea\x8b\x0a\xaa\x0f\x16\xf8\x29\xfc\x6c\x8f"
	"\xfa\xbb\x56\x60\xe3\xb6\x5e\x6c\x88\x63\x77\xcb\xf1\xda\x8e\xd4"
	"\x39\x40\x33\x13\x90\xe4\x9e\xd3\x10\x1d\x55\x76\x75\xd1\x7d\xb1"
	"\xdd\x42\xd1\xcb\xdb\xfb\xeb\xcb\xcf\x3f\xde\xcf\x5f\x66\xaa\xcb"
	"\xd5\xcd\xae\x89\xbd\xce\xe3\x1c\xe6\x43\x98\xb8\x3d\x31\x41\x0e"
	"\x45\x45\xd5\x2e\x1d\x1d\xf0\x58\x54\x94\xe6\x52\x3f\x95\x49\xe1"
	"\x3d\x0a\x34\xea\x63\x11\x2b\x6b\x5b\x32\xf5\x45\xe8\x5f\xa9\x62"
	"\x67\xb1\x79\x2a\x80\x7d\xc7\xf2\x3e\x8b\x7a\xbe\x9c\x37\x13\x0f"
	"\xa5\x60\x41\x81\x68\xe3\xd6\xc0\xab\x54\xf2\x82\x42\xaf\xb9\x3e"
	"\x5a\x0b\x1b\xe0\x96\x71\x41\x69\xa0\xbd\x0b\xb2\x56\x53\x9d\xc8"
	"\xd8\x27\xbb\x52\x10\x7a\xde\x78\x7d\xdf\xb3\x96\x52\x01\x3f\xd7"
	"\xf3\xf9\x9c\x3c\x14\x2c\x71\x0a\x2d\xfd\x6a\x24\x3c\xdb\x82\x9d"
	"\x2d\x82\xc4\x3e\xee\x8e\xf3\x89\x66\x81\xe8\xc9\x41\x79\xb2\xda"
	"\xb6\x8f\x4f\xd1\xc4\x63\x15\xf7\xce\x3b\x86\x63\x51\xd8\xe9\xb2"
	"\xeb\x94\xe8\x46\x9d\xce\x49\x82\x20\x29\xd4\x27\x6c\x48\x69\x31"
	"\xb4\xed\x00\x5a\x03\xa3\x6e\xa8\xb1\x48\x38\x39\x75\x40\x7c\x6d"
	"\xc3\xa3\xd0\xe1\xe6\xda\x2b\x6d\x7b\x7f\x4f\xa8\x89\x19\x8a\x50"
	"\xc2\x7f\x96\x37\xfe\x31\xe2\xd4\x94\xad\xe5\xae\xc8\x97\x64\x65"
	"\x0d\x15\x1c\x57\x8b\xcc\x3d\x77\x31\x1f\xac\x27\x3b\xcc\x1d\x80"
	"\x9d\x6d\xce\xc2\xcf\x74\x69\xe1\x2d\x69\x9b\x1c\x72\x0c\x52\x84"
	"\xbe\xb5\xc4\x2d\x2c\x93\xe5\x38\xcd\xb2\xdd\x35\x93\x3c\x15\xc1"
	"\x93\xca\xfd\x41\x52\x97\x09\x06\xa2\xd3\x08\x4f\x2f\x13\x91\x2a"
	"\x5b\xf9\xee\x8b\xda\x7a\x4e\x38\x55\x7b\xf2\x32\x4c\xbe\x9f\x20"
	"\x4f\xb6\x0c\xec\xc8\xc2\x96\x59\xc4\x9c\x8a\x26\x85\x58\x64\x6f"
	"\x01\x5d\x16\x8a\x94\xcc\x15\x32\x3c\xe5\xc2\x30\x47\xe9\x82\xf0"
	"\x81\xc3\xe7\x42\x94\xf6\x70\x7d\x98\xba\x53\x34\xd6\x24\x14\x8b"
	"\xc9\xb6\x8b\x4f\x3c\x91\x56\x68\x6a\x57\xd2\xe6\xa5\xea\x2d\x23"
	"\x8c\xe1\x6b\xc5\x74\x4d\x0d\xb3\x33\xed\x2d\x88\xd9\x73\x6c\x76"
	"\x13\x5d\x49\xc0\x46\xc2\xed\xcc\xce\xbb\x2d\x9b\x87\x24\x5a\xb4"
	"\x3b\x07\x63\xdf\x60\x40\x7f\x88\xa0\xc9\xe5\xdd\x3d\xb9\xb3\x24"
	"\xb9\xa2\xca\x11\x64\x21\x26\x89\xa4\xf4\x02\xe2\x72\xa2\x9b\xd6"
	"\xb8\x27\xe5\xdc\x9b\xde\xde\x7c\xe0\xc0\x4e\x42\x7a\xb7\x18\x34"
	"\x67\x2c\x07\xb7\xa0\x3c\x36\x48\x08\x50\x88\x00\x8f\xdd\x96\x2a"
	"\x27\x04\x91\x6c\xa8\x47\xc8\x4d\x5a\x53\xa8\xea\xee\xa9\x96\x01"
	"\x81\x78\x26\xce\xe6\x77\x8f\xe1\x11\x95\xeb\xc5\x43\x63\x2d\x9a"
	"\x8f\xd9\xc4\xe4\xcc\x58\x75\x14\xa9\x35\xd6\xd9\x31\xa3\x44\xa5"
	"\x7a\xf4\x4e\x76\xf5\xf8\x64\xc7\x92\xc2\x6f\xd2\x87\x61\xbe\x1c"
	"\xde\xcc\xf2\xc2\x6a\x71\x96\x36\x30\xaf\x09\x4f\x31\xd2\x48\x83"
	"\x12\xa8\x0f\x41\xaa\x3a\x05\xc9\xf1\x69\xa2\xb5\x92\x57\xf6\xac"
	"\x7c\x54\xeb\xf5\xbd\x7f\x53\x47\xd2\xc3\x3c\x40\x82\x37\xa6\x04"
	"\xf9\x13\xd4\xda\x10\xce\x64\xa7\x3d\xc5\x48\xde\xe5\x7c\xb1\xfe"
	"\x48\x44\x0f\x02\xb1\x59\xdc\x03\x75\x62\x65\x66\x4f\x95\xe5\xfb"
	"\xc5\xdf\xf3\x3b\x22\xca\x3a\x16\x2c\xcd\x27\x94\xfc\x9c\x81\xde"
	"\x9d\x59\x75\xf6\x45\x7e\x85\x4e\xad\x97\xeb\xc5\x44\x23\xe1\x9f"
	"\x55\x91\x17\x99\x93\x53\x60\x62\x9f\x5a\x2f\xed\x9b\x76\xb9\x58"
	"\x3c\x4e\x0f\x75\x7e\x04\x05\x81\x8d\x32\x9c\x47\xc2\x9b\xdf\xcb"
	"\x78\xb0\x78\x94\xb6\x41\x94\x14\x94\xb2\xde\xa7\x89\x13\xf9\x4e"
	"\xda\x79\x12\x12\x30\x49\xe0\x33\x7b\x47\xea\x49\x60\x84\x7f\x2c"
	"\x27\x4c\xbb\xce\x1f\x6d\x05\x06\xa5\x6c\x49\x1d\x4b\xed\x53\x52"
	"\x25\xdd\xa7\x3b\xd2\x9a\x6f\x44\xde\x92\xcf\x89\x09\x63\x03\xbd"
	"\x23\x18\xaf\x6a\xb5\x91\xb3\x0f\x20\xc3\xc9\x30\x95\x2e\x8e\xdd"
	"\x9f\xa4\x46\x7b\x06\xbc\x7b\x0b\x82\xc5\xd6\xc2\xd2\x55\xd6\xf3"
	"\xe5\x86\x38\x3b\x45\x52\x5d\xf8\xa5\x61\xb5\x9e\xaf\x36\xe1\x6e"
	"\x55\xb0\xa1\x2a\xa6\xfc\x0d\x89\xac\x2f\x52\xad\xee\xee\x27\xa6"
	"\x7c\x85\x77\x9c\x2d\xb5\xa4\x2b\x09\x3f\xa5\x58\x06\x3a\x97\x85"
	"\x34\xa5\xb4\xf5\x38\x39\x7b\x95\x30\xd3\xa2\x9a\x04\x99\xda\x79"
	"\xce\x15\xdf\x2c\xee\x96\xf3\x89\xea\xa4\x7d\xe0\x2f\xd5\x86\x3a"
	"\x87\x91\x6a\xbe\x99\x18\x0c\x55\xa4\xac\x8a\x53\x66\xbb\x1c\x14"
	"\xe1\x45\x83\x72\xbc\x24\xc5\xa7\x9c\x20\x2a\x53\xd6\x57\x51\x19"
	"\xdf\xcc\xfd\xcb\x44\x94\x92\xfb\x95\x1c\xac\x64\x33\x9f\x37\x76"
	"\x45\x5d\x59\x9f\xeb\xb7\x28\x1e\x89\x33\x2c\xe4\xbb\x9f\x12\x7e"
	"\xaa\xd6\xd2\xdf\x7a\x41\x9d\x21\xea\xd8\xf4\x47\xb5\xdd\x62\x09"
	"\x2b\xcb\xa7\x0c\xd6\x04\xa5\xac\xef\x88\x48\x73\x8e\xd7\xfd\x73"
	"\x42\x80\xcb\x43\xb8\x11\xb5\x48\x0e\xf6\xf9\x62\x57\x32\xf1\x94"
	"\xfd\x84\x6c\x79\x09\x7b\x3a\x23\x1c\x8c\x75\xca\x26\x3e\xf6\xd1"
	"\x96\xe9\xf0\xb3\xad\x12\x99\xfb\xab\x43\x2a\x5e\x40\xe6\x8e\x97"
	"\x7d\x5c\xed\x49\x7e\xca\xed\xd4\x66\x5d\x49\x7b\x7a\xa0\xd4\xd8"
	"\x0b\xc3\x72\x6a\x6f\x56\x4f\x79\x51\x82\x91\x6f\xd9\x5a\x27\xde"
	"\x36\x29\x69\x4a\xc4\x51\x24\x29\x23\xa2\x94\xde\xb3\x31\xb0\x3a"
	"\x3b\x07\xb9\xe1\x1f\xc7\x42\xf7\x76\x8f\x2e\xe3\x19\xde\x7a\xa1"
	"\xde\xde\xf1\xc8\x7a\xcb\x88\x53\xa2\xa1\xe2\x36\x3b\x34\xf4\x55"
	"\x5e\x8b\x0b\xef\xc3\x55\x22\x50\xdd\x84\xf5\xa4\x79\x0a\x8e\xee"
	"\x43\x9a\xde\x3b\x16\x7c\xf9\xbf\x93\xa7\x54\x1a\x57\xb3\xd5\x09"
	"\x4a\x2c\xa4\x39\x11\x61\x16\xd1\x1d\x1e\xc4\x01\x69\x1c\x34\x2f"
	"\xe5\x0c\xcb\x69\x88\x04\x74\xf1\x39\x4f\x1a\xbe\xbb\xce\x9f\x47"
	"\x33\xd4\xeb\xbb\x65\x43\x92\xe1\x83\x61\x48\x4a\x88\xbe\xfe\x10"
	"\xa2\xf7\x2e\x31\x92\x81\x4b\xce\x22\xba\x79\xa0\x84\xd7\x32\xa7"
	"\xe9\x11\x83\x99\x17\xa8\x3e\x2a\x41\x3d\xbc\x5f\x87\xe9\xab\x0f"
	"\x2e\xfd\x72\x36\xd4\x08\x3d\xb6\x56\x00\x15\x2f\x53\x98\x5b\x54"
	"\x8d\xda\x1e\x6d\x9b\x13\x7b\x22\x59\x52\x0c\x84\xa9\xe7\x77\xf3"
	"\x39\xa7\x79\x10\x0a\x81\xa0\xf5\x86\xd8\x24\x1d\xf4\x70\x9a\x47"
	"\x5b\x28\x44\xbf\x2f\xe6\x82\xdb\x77\x4d\x40\x5d\x9c\xac\xb7\x4b"
	"\x4a\xcf\xe8\xc6\xed\x83\x8f\xf7\x1a\x17\x4d\x07\x25\x66\x68\x18"
	"\xb9\x27\xd2\xc4\x1a\x2c\xfd\xa6\x24\xe2\xd4\x2b\x06\xb2\x53\x72"
	"\xfa\xd3\x1e\xf1\x58\x55\x09\x92\xde\xc8\x54\xe6\x20\x97\x60\xc9"
	"\x2e\x2a\xfc\x3b\x34\xf2\x60\xda\x6d\xfe\x8f\xb2\x2b\x69\x6e\x5c"
	"\x47\xd2\x7f\xc5\xc7\xee\x88\xe9\x7e\x5c\xc4\xed\x30\x07\x88\xa4"
	"\x24\x94\x09\x92\x26\x20\x89\xf6\x85\xe1\x76\xb9\x5f\x39\xda\xe5"
	"\xaa\xa8\x25\xe2\xf5\xbf\x1f\x24\x48\x4a\x24\x85\x04\x38\x87\x5a"
	"\x84\xfc\x88\x1d\x89\x04\x90\x4b\x12\x30\xdd\x6d\x69\x5d\x4f\x4c"
	"\xad\xe4\x8f\x6e\xcb\xb3\x79\x0c\x4f\x48\xcc\x72\x30\x03\xcc\xe7"
	"\x89\x4b\x77\xc8\x90\xc6\xea\x7a\x81\x52\x6f\xdb\x73\xb3\x7c\x99"
	"\x5c\xcd\x50\x62\x5e\x5c\x35\xb8\x0a\x9d\xa6\x4c\xe3\x67\x40\x42"
	"\x5d\xf2\x79\x39\xa3\xfa\xe5\x24\x09\x52\x3a\x21\x1e\x17\x2f\x38"
	"\xba\xa3\x18\x2f\x0e\x93\x8f\xc1\x94\xa3\x77\xb4\x03\x0a\xcc\x73"
	"\xe3\x07\x49\x4a\x89\x48\x51\x13\x90\x7b\x72\xc6\xae\xbf\x80\x5c"
	"\xe7\x7b\xc2\x11\x4b\x56\xa0\x37\xa2\x88\xdd\x40\xb7\xd9\x5e\xa9"
	"\xde\xbc\xa6\x52\x9e\x88\xe2\xb6\x9d\x27\xca\x3f\xb3\x93\xc6\xd8"
	"\x24\xd2\xc6\xb1\x1b\xb5\x18\x21\xe9\xdc\x28\x26\xb7\xd4\x34\x4b"
	"\xd5\x5b\xd3\xb2\x2b\x06\x5a\x97\xe7\x0c\xa9\xf2\x88\x28\x17\xd1"
	"\xc3\x07\x52\x7f\xdb\x36\x22\xd0\x6e\x19\x73\x61\x5b\x6a\x06\x65"
	"\x2c\x09\x11\xc5\x9f\x11\xc2\x9b\x24\x42\xe4\x9d\x09\x24\xb6\x41"
	"\xe4\xe2\x8f\x02\xe4\xa8\x3a\x05\x25\x36\xd0\xbe\x08\x3d\x87\x18"
	"\xba\xaf\x04\x06\x1e\x3b\xba\xee\x83\xed\x61\x6b\xcc\x9d\xa5\x3c"
	"\x8a\x7d\x73\x5b\x1a\x88\x32\x2b\x85\x7f\xbd\x1d\xd0\xa4\xfb\xf9"
	"\x71\xcb\xf3\x51\xdf\x42\x3b\x4b\x06\xc8\xb2\xae\xa4\xa0\x1d\x0b"
	"\x42\x1f\x37\x9d\x22\xa5\x17\x79\xd8\xbc\xdf\xe6\xc5\xfd\x54\x87"
	"\x49\x7d\xd0\x30\xc9\x56\x8e\xed\xb2\xa8\xbc\xe6\x55\xe9\xc5\x71"
	"\x8c\x2f\xd1\xd4\xd3\x1f\xe3\xc6\x76\x3c\x91\x63\x73\xe4\xda\xb9"
	"\xde\xc6\x9e\xef\x3a\x9d\x69\x89\xab\x90\xf0\xa4\x60\x88\x5a\xd9"
	"\x08\x79\x90\x5b\xd3\xf9\x8c\xa8\x3c\x00\xe8\xc0\x2b\x63\x06\x72"
	"\xf7\x0f\xdc\x16\x9f\xeb\xb4\x3e\x98\xaa\xc9\x69\xde\x34\xa4\xc3"
	"\x6e\xd6\x01\x72\x2a\x42\xcb\x2a\x48\x0f\xf2\x80\xad\xeb\xca\xf3"
	"\xe2\x24\x7e\xf1\xde\x74\xce\x38\x02\xbf\x3e\xf8\xb3\xfe\x22\x44"
	"\x47\x9b\x2b\x42\xc8\x9f\x06\x55\x41\xa0\x82\x8f\xa4\xec\xb1\x24"
	"\x72\x27\xec\x2d\x41\x20\x41\xb9\x54\xc2\x3e\x09\x6e\x2e\xde\xa6"
	"\xd4\xf0\x5e\xe7\xc7\xe6\x4c\xe5\x1a\x76\x9d\xa9\xb3\x2a\x95\xd0"
	"\x51\xde\x80\x5c\x79\x4b\x00\x8b\xeb\x99\xde\xce\x48\xb8\x38\x95"
	"\x61\x9c\xdd\x52\x6f\xbc\x65\x8c\x84\xde\x99\x06\x95\x87\x87\x02"
	"\xeb\x39\x36\xbf\x25\x56\x09\x96\xa1\xd0\xbe\x32\x37\x29\xdb\xe9"
	"\x6f\xb7\xa6\x9f\x8e\x6f\x7f\x1a\xd2\xcd\x33\x0a\xad\xcf\x1e\x76"
	"\x04\x05\x1a\x3e\xc5\xa6\x59\x36\x9c\xce\x72\x05\x7e\x46\xf4\x02"
	"\x98\xdc\xc9\x18\xa2\xb5\x56\x37\x94\x33\xad\x5f\xeb\x69\x79\x9a"
	"\xf7\x09\x79\xf4\xca\x1b\x81\x68\x71\xb3\x33\xdd\xd1\xbc\xb5\xe5"
	"\x9a\x67\x94\xa0\x73\xbf\x21\x73\x31\x6a\x46\xbb\xdc\x1e\xea\x88"
	"\x53\x03\xa1\x29\x61\x1a\x75\x77\x9a\x2e\x10\xfc\xd3\x63\x46\x6e"
	"\xd8\xe2\x53\xe6\x7a\x8e\x6b\x69\x99\x3a\x1a\xe6\x65\x39\xbb\xd8"
	"\x78\x10\x25\x4c\x24\x29\x13\x91\xa6\x50\x4e\x10\x56\xec\x52\x67"
	"\xfd\xf5\xc9\x39\x2d\x25\x73\x61\x39\x03\x87\x48\xca\xc1\xcc\xec"
	"\xbe\x4c\x51\x7b\x0d\x72\xad\xe7\xe2\xac\x53\x5a\x5d\xf3\x4b\x3b"
	"\xf8\x08\xd3\x8d\xe0\xa0\xec\x4e\x42\x2f\x71\xcc\x00\xdf\x04\x80"
	"\xd7\xe4\x9b\x10\xf2\x73\xc8\xe0\x50\xad\xcb\x8e\xf2\x9c\xb3\xf0"
	"\x19\x3a\x43\xea\x09\xb2\x61\x38\x7f\x04\xaa\x92\x67\xb1\xd7\x27"
	"\x00\x1c\x8a\x0e\xfc\x1d\x1a\x40\x50\x4d\x50\xec\x47\x94\xe1\xd4"
	"\x34\xd8\xe5\x44\xa9\xd0\x37\x6d\x77\x26\xf7\x70\x5d\xa5\x7b\x33"
	"\x54\x59\x1d\xe5\x71\x61\xea\x14\x0f\xd2\xf6\x79\x59\xcc\xaf\xc4"
	"\x64\x97\xc0\x92\xba\x35\xe2\xfd\x80\x58\x9a\x77\xe7\x37\xf0\x99"
	"\xf3\xb7\xc1\xcf\xe6\xdb\xc7\x9f\x77\xdf\x7a\xff\x5d\x7f\xbf\xfb"
	"\xf5\x4d\xa2\x5f\xef\x7e\x7d\x19\x51\x9a\x6b\x0e\x6c\x5b\x3e\xb1"
	"\x16\x74\xa3\x10\x73\xa6\x4c\xa3\x36\xfa\xf1\xfd\xf7\x2f\xd4\xd6"
	"\x4f\x79\x90\x9b\xc4\x7b\x81\x9f\xa3\xb7\xb9\x59\xda\x6e\x07\x53"
	"\xbb\x58\x78\x1a\xef\x69\xa0\x90\x88\x4d\x8c\x1e\xc1\x95\xe3\xc5"
	"\x7b\x86\x30\xc3\x1e\xc4\x88\x68\x68\xbb\x04\xa9\x46\x1c\x7f\xbe"
	"\xfe\x78\x7f\xfe\xf8\x7c\xf7\xf6\xf1\xeb\xf5\xc7\xbf\x9f\x17\x2e"
	"\x15\x86\xef\x2b\xb9\xbd\x9a\xeb\xf1\xa9\x7a\xd4\x7b\xbd\xed\xc9"
	"\xf9\x69\xe1\x43\x65\x4c\xc6\xe6\x6f\x4f\xbf\xcf\x1f\xc1\xf9\x8b"
	"\x30\x43\xe4\x26\xb6\xad\x90\xe1\xc1\x3c\xc2\x5d\x3e\xde\x56\xa4"
	"\x99\xa9\xd0\x8d\x69\x52\x56\xd1\x9f\x04\x27\x80\x3a\x08\x10\x59"
	"\x74\x01\xd2\xbd\xd9\x5c\x21\xe2\x7e\xab\xaf\xc2\x83\x3c\x1c\x20"
	"\x66\xaa\x13\x8c\xe7\x86\x16\x4c\x36\x78\x48\x6e\xc2\x38\x30\x23"
	"\x8b\xfb\xfb\x6d\x66\xaa\x2c\xdc\x96\x6a\xeb\x0a\x04\x35\x61\x91"
	"\x20\x06\x17\xa0\x90\xac\x73\xe3\x86\x56\x50\xbc\x71\x2d\x7d\xdb"
	"\xcf\x6b\x4b\x83\x58\xec\x7b\xbe\x1d\xe3\xfb\xb6\xb2\xda\xc8\x0f"
	"\x12\x0b\x28\xe5\x16\x40\xdd\xb8\x9e\x6b\xc6\x94\xf9\x59\x20\xdb"
	"\xc6\x05\x03\x1e\xb3\x81\x6b\x5b\x8a\x1b\xde\xe1\x2c\x20\x51\x9d"
	"\xc9\x99\x3c\x5a\x50\xc7\xf2\x7e\x6b\x19\xd9\x4a\x72\x98\x8d\x65"
	"\x5c\x99\xd7\x89\xea\x98\x1e\x30\xcf\xe4\x17\x64\x2b\xac\xe5\xa5"
	"\xa4\x76\xdd\xd6\x32\x01\xb6\xc8\xd5\xc3\x84\xb5\xa1\x6c\x4b\x72"
	"\x35\x88\x8c\x39\x7b\xb9\x1d\xd3\xe4\xa9\x96\x60\x11\x89\xae\x18"
	"\x3f\xb3\x00\x90\x77\x92\x0b\x20\xad\xb6\x88\xc9\xca\x05\xb2\xdf"
	"\x21\x7a\x6f\x57\x04\x16\x1a\x70\x86\xe8\x98\x0d\x74\xa4\x72\x79"
	"\x33\xc4\x71\xce\x05\xa6\x04\x76\x92\x5a\x50\x9c\x66\xf9\x99\x96"
	"\x58\x84\xb8\x0b\x4e\x30\x84\x0f\x5f\xcb\x53\x9a\x11\x66\xcc\x99"
	"\x34\x0d\xad\x2c\x45\x31\xb2\x57\xea\x41\x96\x8a\xd7\x24\xcd\xab"
	"\x66\xbb\x02\xb5\x25\x88\xc6\xcd\x15\x26\xe4\x49\xd1\xda\x05\x67"
	"\x9a\xc9\x1f\x66\xd0\xd3\x21\x2f\x0f\x47\xcb\x54\x21\x3c\x70\x10"
	"\x67\xbc\x17\x0c\x6c\xe5\x47\x6d\x04\x85\x0b\xa4\xad\x49\xa6\x5d"
	"\x13\x40\x90\x12\x8d\xb9\x00\x05\x42\xbd\x7f\x5f\x60\x35\x57\x40"
	"\x4c\x15\xa3\x5f\xa1\x2a\xc8\x9d\x40\x17\xb0\x62\x35\x3c\x6d\xf2"
	"\x7c\x72\xc3\x34\x49\xec\x5a\x4a\x2a\x46\xfb\xa4\x41\x90\xd5\x03"
	"\xb9\x94\xd4\x04\xef\x4e\x81\x37\x71\x22\x0d\x29\xbb\x4a\xee\xe0"
	"\xf2\x8c\x26\xcf\x69\x83\x7b\x64\xfd\xd7\xbd\xc5\xdc\x6e\x26\xe5"
	"\x4d\x21\xfb\xaa\xca\x68\xdb\xed\x85\xd6\xc1\x98\x0a\x09\x98\xf7"
	"\x1f\x4c\x24\x48\x2f\xed\xb6\x8f\x83\x4f\x08\x4d\x9e\x75\x03\xce"
	"\xab\x07\xef\xa1\xda\x52\x49\xc6\x23\xcc\xd5\xc5\x1c\x17\xc5\x51"
	"\xb4\x0e\x96\xd8\x61\x8d\xeb\x78\xee\xd2\xcf\x8b\x1e\x0a\x57\x19"
	"\x1d\x43\xdc\x4b\xcf\x90\x47\x29\x7f\xd0\x36\xa5\x8d\x15\xba\x3d"
	"\x7a\xae\xe3\xfa\x56\x1c\x3c\x11\x55\x65\xde\xd1\xb4\x8c\x7d\x44"
	"\x1a\x99\xe1\x1f\xe3\x54\xb0\xbd\xeb\x3a\x2b\xa0\x42\xf0\x1a\x3f"
	"\x7a\xdd\x62\x37\xeb\xc0\x70\x23\x56\x23\xf6\x88\x53\xdc\x81\xb0"
	"\x9a\x1f\xe8\x8a\x1c\xf3\x5c\x50\x3b\x68\x4f\x0a\xd2\xae\x84\x81"
	"\x1b\x33\x8a\xe8\x7f\x4c\xd1\xbb\xe3\x27\x2a\xf8\xd1\x8a\xeb\xd7"
	"\x8e\x15\x46\x0b\x2a\xc7\xdd\x8e\xdb\x1f\xcb\xa7\x15\xdd\x72\x2f"
	"\x76\x9e\xeb\xd9\x17\x45\x8e\x6d\x29\x73\x90\x7d\xc8\xce\x04\xde"
	"\xa8\xcf\xa8\xf9\xf3\x2d\x76\xcd\x0a\x93\x92\xad\xeb\xc6\x2b\xb2"
	"\x94\xd2\x6d\x80\xa9\x3e\xcf\x70\x8c\xbb\xee\xc6\x0e\xcb\x8b\x1d"
	"\xe1\x1d\xa3\xf5\x0a\xac\xfa\x61\x1f\x60\xd6\x86\xc7\xa2\x13\xdc"
	"\xde\x6a\x5a\xe6\x2d\xb5\x77\x39\xbb\x8f\x10\x9f\x70\x33\x3e\x9b"
	"\x97\x0c\x1c\x3c\xda\x47\x39\x83\x6d\x24\x68\x1d\x3b\xc7\x55\xff"
	"\x6f\xe8\xfe\x20\xd6\x41\xcf\xd4\x3e\xc9\x56\xb2\xc7\x73\x26\x94"
	"\x36\xc6\x9a\xd9\xd3\x5f\x32\xb1\xba\xe2\x54\xe4\xeb\x6a\x4a\xe5"
	"\x89\xd5\xce\x7b\xe5\x20\x2a\x36\x51\xad\x41\x7a\x8e\xb3\x59\x89"
	"\x0b\x56\xe2\xec\xeb\xba\x61\x1d\xf2\xd4\x30\xdb\xfa\x69\x91\x93"
	"\x6c\x05\x8c\xaf\xea\x6f\x2e\x5c\xcf\xf7\x56\xc0\xd8\x6e\x4d\xe5"
	"\x8e\xcd\xc6\x59\x83\xda\x49\x69\x16\xf7\xde\x36\x03\xb7\x71\x18"
	"\xac\x18\x8c\x9a\x87\x81\x13\xd9\x99\xf1\x53\x2e\x42\xcf\xb3\xcf"
	"\x97\x27\xfc\x14\x30\x1b\xb4\xea\xc0\xfa\xfd\x7f\x45\x9e\xdc\xbe"
	"\xf6\x0e\x10\x82\x42\x09\x0a\xd8\x3d\xd5\x2c\x43\xd8\x9c\x95\x72"
	"\x48\xc6\xdb\xff\x07\x5a\x20\x87\xd8\x59\xcb\xc8\x63\x46\x8f\x6c"
	"\x75\x5d\x16\xf3\x63\x7e\x2c\xa6\x73\x9d\xd4\x3e\x55\x4a\x77\xee"
	"\xa6\x35\x48\xe3\xbd\xb0\x26\x8f\xe5\x38\xbb\xee\x81\x5b\x46\x5c"
	"\xc4\x13\xe8\x70\x33\xe8\xb7\x8e\x1c\x26\x21\xb4\xda\xb3\x3d\xe6"
	"\xb0\x85\xa8\xb1\xc3\x3d\xeb\xf2\xe6\x94\xc5\xc9\xc6\xed\xea\x73"
	"\x83\x5d\x34\x5c\x70\xa0\x97\x76\xa2\xf2\x94\xad\xf7\xf4\xd1\xe3"
	"\x94\x57\x4b\x15\x62\xa7\xab\xca\xe5\x15\xee\x83\xa0\xa0\xd4\x0a"
	"\x23\x75\x5b\x13\xc6\x48\xbc\x31\xb6\x75\x5f\x7b\xc4\x48\x06\x35"
	"\xc4\x3c\xaf\xb1\x58\xea\x57\x94\xa0\x85\x30\xdd\xc1\x4d\xa0\x59"
	"\x0e\xe1\x35\x1b\xe3\x60\x52\x15\x12\x41\xe4\x9e\xf9\xfe\x55\x1e"
	"\x75\xcb\x01\x69\x02\xb6\xe2\x53\x62\x1a\x09\xe8\x5c\x46\x8c\x79"
	"\x3c\xe6\x04\x75\x74\xd7\x23\x52\xe6\x3a\xa6\x52\xc0\x5f\x42\x01"
	"\x23\x3d\x0c\x18\x3a\xe0\x47\x64\x62\xa1\xda\xa2\x43\x2b\xd2\x5d"
	"\x1c\x20\xde\x71\x06\xc4\x99\xd9\x47\x13\x40\x6a\x4e\xda\x86\xb1"
	"\xa9\x04\x69\x1e\xc1\xcc\xc6\x36\x9a\x59\x5b\xf8\xc6\xc5\x4b\x19"
	"\xf8\x73\x3f\x1a\x3b\x97\xf8\x98\x00\x38\x3c\x47\xa8\xd0\x14\xb0"
	"\x6a\xe5\x19\xaf\x21\xa6\x95\x97\x35\x27\x2f\x74\xda\x71\xe1\xd8"
	"\x90\x61\xb0\x1a\x19\xe9\x90\xe3\xcb\xf8\x39\x0e\x93\xa8\x6b\xd9"
	"\x80\x99\xeb\xcb\x53\x17\xd1\xa6\x69\x18\xbd\x3d\x7e\xcd\x9f\x71"
	"\xd4\x3d\x4e\xdd\xd0\x52\x4c\xa3\xb1\x5c\x12\xc7\xf3\xbd\xb8\x84"
	"\xaf\x38\x3c\xff\xf8\xac\xbc\x98\xd2\x3f\xaa\xbb\xd1\x95\xe0\xe5"
	"\xb8\xdf\xcc\xaf\xd9\x55\x02\xfc\x8d\x9a\x59\xf7\x08\x88\x72\x73"
	"\x8f\xf9\x5e\x53\x88\x3a\x95\xdb\x83\xa7\xbd\x62\x00\x72\x41\xb7"
	"\x92\x7c\x5b\x74\x43\xce\xa6\x62\x7b\x57\x07\x35\xf2\xa6\x3a\x94"
	"\xcc\x3d\x86\x79\x20\x1a\xb2\x69\x52\x4b\x1e\xa4\xde\x9a\x01\xfd"
	"\x33\x04\xc7\x94\x91\x50\x81\x72\x4f\x58\xae\x75\x1d\x9c\x7e\x79"
	"\xfe\xf1\xfc\xf2\xeb\xf5\xc7\xc4\xe5\xf8\xb8\x9b\xce\xf5\x0f\x4f"
	"\xba\x7b\x28\x01\xce\x77\x8a\x23\x3f\x80\x7b\x24\x52\x28\xb7\xab"
	"\x13\x65\xa7\x92\xb6\x49\xdc\xd5\x62\xae\x5d\xdf\xbb\xa5\x53\xc9"
	"\x68\x53\x65\x5e\x65\xef\xd4\x32\xc3\x1c\xc0\x94\xd5\x53\x85\xd9"
	"\xbb\x75\x7b\x8e\x88\x14\x10\x7c\x45\x8a\xa3\xda\x70\x4c\xca\xa9"
	"\xea\x49\x4c\x7d\x0c\x5d\x92\xba\xc1\xf5\xca\x24\x8a\x7b\x26\xc5"
	"\x08\x15\xe6\x06\xe2\x07\xcd\xc3\xf7\x9c\x16\xe1\x04\x7a\xd7\x9a"
	"\xaf\x3f\xde\x9e\xdf\x75\xaf\xb6\x43\x8b\x63\x6f\xbe\x93\xf6\x11"
	"\x17\xbf\x7d\xfc\x43\x11\x7e\xf6\x9f\x2b\x3f\x28\x1a\xff\x3d\x43"
	"\x1e\xb0\x44\xba\xba\x70\x5c\xc7\xd4\xb7\x17\x94\x6b\x42\xa9\x38"
	"\x1a\xa9\xe2\x76\xac\x03\x8d\xe4\xa5\xa2\xdd\xf2\x03\x88\xc2\x85"
	"\xba\x82\x9b\x42\x5a\x13\x04\xc2\x10\x16\x8b\xf3\xd6\x1c\xb1\xd4"
	"\x77\x18\x92\x3f\x21\x83\x3e\x16\xcd\x19\x9e\x25\xc4\x19\xdc\xe7"
	"\x25\xd5\x64\x3b\x92\x3a\x93\xf7\x9d\x09\xf6\xc0\x6d\x88\x33\x15"
	"\x07\xc9\xa2\x8b\x5d\x1f\x52\x18\x73\xf7\x35\x7c\xc1\xd3\xb4\x44"
	"\xf4\xb1\x2f\x08\x37\xa4\x3c\x6a\x8d\xdd\x3a\x70\xb1\x4f\x82\xec"
	"\xd1\x40\x8f\x73\xa8\x0d\x46\x77\x6d\xd8\x86\xc6\xe1\x1e\xb4\xbd"
	"\x6b\x6e\xcd\x4c\x72\x47\x13\xb9\xa9\x3d\x13\x79\xc7\x8b\xae\xa8"
	"\x6d\x65\xc8\x5f\x79\xab\x42\x75\xd1\x3d\x4d\xe5\xba\x6d\x4c\x68"
	"\xf0\x35\x87\xc5\xee\x01\x8e\xa0\x76\x3e\xbd\xb8\x76\x38\xa5\x5d"
	"\x96\x22\xfe\xa7\x6a\x06\x02\x75\x99\x15\x5a\x5b\x98\xc3\x59\xee"
	"\x46\x65\x36\x57\x5d\xbb\x24\x2a\x87\xf4\x92\xcb\x63\xe1\x4a\xae"
	"\x40\xfd\x6c\x9f\xd1\x07\x4e\x3c\x09\x3b\x77\xa1\xde\x3a\x20\x21"
	"\x75\x0d\x4e\x17\x6e\xd9\xda\xe0\x88\xf0\x45\xb3\x93\x4c\xfc\x40"
	"\x9f\x4d\xe1\xcc\x44\x2a\xff\xd4\x0c\x89\x64\x76\x42\xa5\x02\x39"
	"\xbb\x8a\xc7\xad\xc6\x51\x75\xf6\xf6\xfc\xe7\x1d\x5f\x6a\xad\x40"
	"\x10\x65\x79\x80\x24\x13\xad\x46\x95\xa4\x22\x8d\x1c\xf9\x76\x9e"
	"\xbc\x3b\x67\xdd\xb6\xa1\xd9\x3e\xef\xd2\x3e\x84\xe6\x24\x24\xe9"
	"\x8e\x70\x91\x9e\xea\x6c\x9e\x4a\x32\x5e\x37\x75\x3a\x4f\x6c\xb2"
	"\xed\x44\x5b\x72\x1c\xc6\xe6\xc8\x85\x72\x21\xbc\x8c\x71\xa7\x76"
	"\x9c\x9a\x4e\xad\x11\xae\xd1\x48\xfa\x99\x89\x53\x0c\x81\x4c\xc6"
	"\x25\x30\x46\x32\xb9\x01\x0c\xbb\xdc\x51\x85\xe4\xea\x95\x4c\xbc"
	"\x54\xa3\xfa\x33\x8d\xbb\xa6\x9e\x68\xe0\x21\x9a\x96\xbb\x6a\x9e"
	"\x0c\xd7\x66\x44\x2c\xd2\x64\xdf\xcf\x42\x4b\x41\x22\x53\x9a\xd0"
	"\xbd\x19\xd7\xef\xf7\x5f\x6f\xdf\xdf\x5f\xff\x92\xb3\x08\x0a\x4f"
	"\xbf\xbc\x7d\xd7\xed\x75\xf0\x19\x69\xb6\xbd\x38\xa4\xc2\xdc\xe7"
	"\x25\x62\x47\x3d\x94\x60\x38\xd9\x5c\x00\xf2\x6f\x23\xa2\x10\xe9"
	"\xc6\x47\xee\x36\x47\x4c\x9d\x92\x24\xd8\xb8\x2b\x30\x7f\x99\x31"
	"\xb4\x4c\x45\x53\x18\x31\x98\xc1\x1e\xd0\xb3\x7c\x6d\x2e\xac\x68"
	"\xd3\xba\xd0\x69\xc5\x00\x62\x08\x87\x08\x52\xce\x7c\xd4\x48\xb1"
	"\xaf\xb6\xd7\xd8\x94\x30\x5a\x17\x91\x1f\x22\x09\x5c\x47\x6d\x60"
	"\x12\x77\x9c\x41\xfa\x17\x88\x24\x70\x0d\x53\xa6\x93\x86\xfa\xec"
	"\xa9\x1b\xf8\x01\x5a\x73\x45\x0f\x7d\x33\xbd\x35\xd0\x59\x16\x05"
	"\xa1\x89\x0c\x9e\xc6\x50\x3a\xc5\x5e\x14\x14\x91\x63\xb7\x43\x92"
	"\x58\x53\xda\x6e\x50\x6a\xa9\xae\xf9\x3c\x94\xce\x29\x0f\x82\x24"
	"\x30\xd1\x43\xe4\x90\x37\x90\x93\x10\x9f\xe4\x27\x44\xf1\x7f\xa0"
	"\x2d\xde\xdd\xae\x2c\xe2\xbf\x3f\x7f\xbd\x7e\xbd\xfb\x17\x44\xe8"
	"\xeb\x47\xf3\xee\x6f\x5f\xe5\x30\xbf\xff\xf7\xee\xf5\xeb\xbf\x5e"
	"\x3f\x7f\x7e\xfd\x7c\xf7\xc7\x80\xfa\x87\x94\x66\x5f\xe4\xaa\xfe"
	"\xfb\x72\xc0\x07\x5f\x62\x68\xf9\x29\x98\xaa\x1a\x17\x71\x96\x73"
	"\xba\x2f\x55\x78\x50\x9d\xc7\x67\x14\x8b\xa8\xcc\x03\x2c\x67\xf9"
	"\x09\x1f\x0c\x63\x6d\xca\x8a\x91\x8c\xde\xa3\xf4\x0a\x57\x70\x52"
	"\xd3\x24\x25\xf6\x56\xd4\x2d\x31\x56\xff\xe1\x58\x23\xcb\x5a\x79"
	"\x7a\x58\x8a\xbb\x40\x68\xee\xfd\xd6\x30\x7d\x98\x40\x7c\x53\x02"
	"\x79\xb0\xef\xc5\xbf\xef\x85\xc1\x5b\xcd\xd7\xbf\xa4\xd4\xf0\x21"
	"\x8f\x36\x12\xf3\x47\xcf\x25\x9e\x3f\x3f\x7f\xff\x85\x73\x87\x8c"
	"\x56\xa0\x9b\x7b\xf4\xf0\xca\x0c\x31\xef\xe4\x89\x1f\x7b\x63\x52"
	"\xcd\xad\xb6\x95\xd8\x1d\x9f\x9e\xba\x8a\x23\xe1\x8b\x55\xcb\x48"
	"\xc5\x3b\x79\xa8\xc3\x01\xb4\x84\x48\xbe\xb7\x21\x41\xaa\x5f\x5f"
	"\xfa\xbd\x6c\x68\xd8\x64\x91\x2c\x1b\x05\xb2\x82\x61\xb6\xf1\x82"
	"\x9c\x72\xc3\x84\x06\xfd\x0b\x3c\x02\xd7\x05\x02\x7c\xdb\x02\x59"
	"\x08\x54\xa3\x50\x5c\xcf\xcf\x46\x35\x45\x3d\x12\x01\x8d\x11\xde"
	"\xdb\x58\xf6\x47\xdf\x9a\xde\xb1\xe7\x9f\x30\xa4\xe9\x95\xf7\x67"
	"\x9a\x93\x30\x84\x97\x50\xa7\x0f\xbd\x64\x0e\xe4\xb6\x8f\x42\xd1"
	"\x3b\x76\x41\x61\x26\x0b\x79\xa0\x9b\x18\x4e\xdf\xb8\x91\x45\xa0"
	"\x10\x94\x01\x00\x11\x4e\x24\x68\x3c\x20\x49\xaf\xfa\x59\x83\xd2"
	"\xe5\xe9\xdc\xf3\x70\x6a\x4b\x3c\xec\xb8\x77\x21\xa3\xcc\x01\x20"
	"\xa3\x91\x30\x0a\xd0\x73\x0f\x45\xd1\x71\x0f\x20\xc8\x73\x68\x2c"
	"\x77\x20\x07\xaf\xb7\x91\x47\x00\xa0\x05\xa7\x35\x38\xf5\x86\x83"
	"\xcc\xc8\x4f\x8f\xe5\x03\xab\xbb\xfd\xc3\xa2\xe3\x2f\x73\xb0\xfe"
	"\xf1\xed\xd7\xb7\x97\x6f\xef\xc3\x64\x9c\xde\x49\xd6\x6a\x56\x2d"
	"\x14\xb9\x55\x95\x8b\x3c\xf4\x5a\x07\x2d\x14\x5f\x98\x6a\x1a\xf5"
	"\x26\x5c\xda\x9e\x9c\x06\x26\x86\x5f\x8a\x05\xd4\x4c\x85\xc0\xdd"
	"\x1a\x48\xfd\xc2\x5b\x00\x24\x73\xee\xef\xfe\x27\xa6\xc4\x0c\x2c"
	"\x72\xfb\xcf\x50\xf2\xd6\x42\x2f\x50\xba\x26\x40\xe9\x90\xa4\x6a"
	"\xbb\x94\x3c\x35\x90\x72\x3f\xbb\x37\x3b\x20\xae\xfb\xeb\xfa\xf6"
	"\x84\x57\x8b\xfa\xee\xe5\xfd\xdb\xcb\x7f\x74\xe7\x03\x49\xec\xdc"
	"\x20\x8e\xe5\x69\x67\x61\xaf\x31\x35\xb5\xe8\xbd\x4e\xdc\x81\x7d"
	"\x40\x99\x8b\x73\xd5\x28\x8b\x7a\x75\xc2\xe6\x82\xb0\x1a\xae\x65"
	"\x26\x36\x17\xcf\x9f\x3f\xbf\x81\x25\x86\xdc\xa8\x54\xc1\x3f\xff"
	"\x79\x9d\x3d\x83\xa0\x3d\xb2\xbb\xfa\xed\x43\x1f\x8a\x57\xe2\xfa"
	"\xe3\xce\xe4\x3b\xf9\xbf\xdb\x10\xd9\x57\xc2\x22\xa4\xb7\x49\xa4"
	"\x1f\x68\x20\xbd\x1a\xe9\x2c\xad\x3d\x9f\x3b\xb1\x11\xc4\x65\xf3"
	"\x91\xbb\xae\x0b\xa4\x95\xf3\x43\x67\x1a\x76\x29\x88\xcf\x23\xfb"
	"\x8d\xf5\xab\x1f\x62\x27\xdc\x98\xdb\x00\x98\xd8\x8c\xa1\xf5\xc3"
	"\xc6\x71\x13\x1b\x06\x2d\x6b\xd7\x90\x3d\xb8\xaf\xcc\x07\xfd\xfe"
	"\x31\xee\xaf\xd2\x6e\xb5\xe7\x1a\x99\x6b\x27\x1b\x1f\x87\xc8\xed"
	"\xd8\x14\x93\xd8\x30\x60\x19\xee\x06\xd6\x7c\xda\x15\xf5\x49\x10"
	"\xcb\x84\x19\x26\x59\x91\x4f\x12\x1a\x86\x5d\xed\x0f\x8a\x29\x01"
	"\xeb\xd0\xcd\x80\x1e\xc1\xb7\x3d\xc2\x90\x15\x57\x3c\x48\x97\x05"
	"\xcf\x18\x23\x72\xd8\x2c\x53\x34\x63\xfc\xd0\xd0\x7b\x0b\x8a\x85"
	"\xd8\x83\xfd\x65\x3e\x0a\xcc\xb7\xfa\x88\x10\x0d\x2d\xef\x11\xcd"
	"\x84\x6b\x75\xda\xba\x21\xb4\xb1\xd5\xba\x40\x04\x87\xd9\x9c\x40"
	"\x94\x78\x26\x4d\xb7\x4d\x3f\x09\xd9\x78\x89\xce\x4d\x23\xac\x87"
	"\x99\x4b\x9e\x6a\x37\x1a\xc7\xcc\x11\x10\xb5\x72\xe9\x33\xb1\xe7"
	"\x54\x4b\xe9\x68\xf2\x5d\x1f\x36\xeb\x72\xeb\xd3\x87\xb5\xff\xfa"
	"\xfc\xfd\xbb\x3c\x29\xaa\xcf\x34\x22\xb2\xfa\x2e\xda\xb4\xbd\xb3"
	"\x22\xfd\x2b\x57\x7d\x79\xac\xc3\xe9\xd9\x99\xd4\x5b\x9c\xbc\x13"
	"\xf0\x0f\xf6\x7c\xa2\x20\x17\x1e\x6d\x3a\x9f\xf5\xc8\x06\x15\x11"
	"\x15\x9d\xc9\xdd\x09\x89\x83\xdd\xbf\xf4\x15\x4e\xe8\xe2\x64\xd9"
	"\x8b\x29\x62\x4b\xa3\xe8\x2d\xd4\xd4\x40\xd6\x1f\xc7\xe0\x48\xaf"
	"\xaa\xfd\xfa\xd7\x77\xb9\x37\xea\x86\xc1\x64\x1b\x36\x00\x4a\x43"
	"\xb3\x94\xb5\x91\xe3\x58\x00\x88\x3f\xee\xbe\x63\xe0\x0a\xcd\x37"
	"\x02\x40\x53\xc1\x00\xb8\xdd\xbb\xe6\x74\x51\xd3\xd4\x8b\xdd\xdb"
	"\xf7\x38\xb6\xcb\x6e\xbb\x67\xb8\xe3\xa2\xb6\x8e\xdb\x8a\xb8\x35"
	"\xd6\x9a\x76\xca\x73\x36\xc2\xa6\x7b\xa5\x88\x2c\xf5\x3d\xb7\xd5"
	"\xca\xb7\x96\xe2\xe5\xf2\x71\x91\xbd\x70\x32\x30\x86\x19\xc7\x52"
	"\xdf\x8f\x63\xc3\xc8\xd5\x94\x57\x48\x68\xb3\x7e\xce\x35\xc4\xdd"
	"\xcc\xc3\x2c\xf7\x96\x9a\xf2\xec\xac\xef\xd5\x3d\x98\x08\x73\xda"
	"\xec\x46\x89\x6a\xde\x2c\x65\x6a\x0c\x54\xad\x05\xaf\xbe\x29\xbd"
	"\xa6\x13\x39\xe9\x8e\xb9\x3d\x4d\xd9\x65\xce\x76\x9d\x6b\xb2\xf2"
	"\x23\xc0\xc5\xd6\x90\x75\x8f\x43\xd7\xfe\x12\x04\xff\x15\xd8\xd3"
	"\xd5\x14\x5c\x88\xd4\x4b\x02\xcf\x5c\xed\x31\x96\xd9\xd4\xa9\x67"
	"\x06\xaf\x0c\x10\x9c\x33\xc7\x1a\xa5\xa9\x82\x06\xa5\x38\xca\x44"
	"\x7c\x9d\x90\x7a\x66\x84\x65\xdf\x53\xfb\xa4\x0a\x31\xa1\x19\x30"
	"\x4d\xae\x22\x2b\x42\x65\xd1\xda\x80\x71\x79\xf1\x78\x5b\x58\x9f"
	"\x6e\xb0\x1c\xaf\xc1\x8d\x1a\x40\xd1\x78\x2d\xc0\xd9\x49\x96\x76"
	"\x5b\x22\xe4\x46\xf2\x88\x87\x6b\xc6\xb3\x19\x3e\xed\x32\xee\x45"
	"\xc8\x62\x99\x41\x5c\x3b\xc4\x33\x42\x8a\x7c\x5f\x75\xf9\xc9\x37"
	"\x82\xf8\x16\x31\xb5\x3f\x40\x60\xa1\x06\xa5\x8f\xdf\x6f\x1f\x3c"
	"\x34\xf0\xe2\x88\x01\x6d\xfb\xc8\xd9\x38\x6b\x40\x9e\xb1\x36\x94"
	"\xd7\x00\x32\x62\x64\x46\x71\xe2\xf8\x46\x4c\x51\xc7\x11\x62\xc5"
	"\x30\x42\xd0\x75\x7a\x2d\x47\x85\x00\x33\x97\x23\x52\x3f\x0c\x5c"
	"\x23\x26\xcb\x45\x9e\x0a\xe5\x84\xa3\x75\x37\x21\xf2\xfe\x30\xa2"
	"\x7b\x19\x99\x6d\xb7\x46\x94\x1c\x95\x8d\x1b\xb4\x76\x0c\xe6\xce"
	"\x61\x82\xf1\x82\xc8\x8a\x89\x90\x47\x99\x09\x26\x88\x2d\x65\xc9"
	"\x46\xf9\x9b\xc8\x38\x47\xf6\xe4\xb8\xcf\x7b\x7e\xb7\x31\x2f\x8f"
	"\x46\x04\x8e\x6f\x9e\x03\x8d\x48\x36\x41\x70\xb3\xe7\x3c\xfc\x7e"
	"\x7e\x7f\xf9\xf6\xf5\xeb\x9d\x78\x7d\xf9\xf2\xf1\xed\xfd\xdb\x9f"
	"\x6f\xaf\x3f\xff\xe7\x8e\x7e\xbc\xfc\x53\xe9\x45\xfd\xf9\xfa\x43"
	"\x5d\x0e\xec\x7e\xbf\xbe\xdf\xed\x9f\x7f\xff\xf9\xaa\xbb\x6b\x50"
	"\xba\xb3\x3b\xc5\x3b\xf4\xb5\x98\x00\x36\x38\xe0\x01\xb9\xa9\x64"
	"\x5b\xd7\x0f\xdc\xde\x10\xa1\x6f\x8e\x01\x17\xf4\x97\x51\x46\xa4"
	"\x2a\x4d\xc2\x75\xbb\xc8\x48\x0b\xe6\x8a\x83\x32\xeb\xb8\xb5\x67"
	"\xfa\x50\x56\xa7\x0a\xcb\x55\x11\x6f\xf3\x4d\x9c\x21\xdf\xae\xd6"
	"\x5b\x65\x6a\x50\x5d\xcd\x1f\x6f\x33\x8a\x6d\xfd\xe3\x07\xb1\xbd"
	"\x0d\xc3\x38\x75\x25\xd9\xea\x3c\xee\x42\x00\xfa\x3a\xf1\xbc\x89"
	"\xc3\xa4\xa2\x8c\xbd\x78\xe2\xd8\xee\x40\x0a\x29\x68\x79\xca\x90"
	"\xf2\x7a\xb9\xae\xbe\x5b\x98\xfc\x8f\x1a\x01\x52\x26\x73\x13\x38"
	"\x3e\x4e\x76\xed\x3e\x71\xe6\x73\x66\x1c\x1b\xac\x6e\xbb\x63\x5e"
	"\x0c\xeb\x06\x58\xf5\x53\x10\xce\xaa\x00\xeb\x45\xc5\xa2\xdb\x3d"
	"\x2a\xab\x4a\xee\xc5\x39\x22\x66\x56\x65\x1f\xec\x0d\x65\x8c\xfa"
	"\xbc\x6e\x2a\xa6\xcd\xf0\x06\xa5\x16\x93\xa0\xa6\x55\xa8\x59\x76"
	"\xc0\x67\x92\xa8\xc5\x66\xcf\x2d\x7f\x2e\x63\x47\xeb\x8c\xe9\x70"
	"\x66\x8b\x48\x22\x90\xd0\x9d\x90\x80\x88\x3d\x75\x78\x6e\x59\x5c"
	"\x9f\xf7\xfa\x7a\xcf\xbf\xe4\xd9\x55\xaf\xe5\x57\xf2\xaa\xe1\x60"
	"\x68\xe0\x23\x16\x64\x13\xc8\x66\x0d\x24\xb6\x40\x18\x58\xa2\xae"
	"\xc0\x04\x2b\x30\xe1\x0a\x4c\x62\xc7\xf8\xd6\xfa\x24\xde\xc6\xb1"
	"\x60\x84\xec\x41\x3b\x66\xb3\x0a\xe3\xda\x31\xa1\x67\xc7\x44\x2b"
	"\xca\x8a\x2c\xfd\xcc\xd3\x28\xb4\x8d\x17\xaf\x73\xc4\xfe\xe1\x02"
	"\x11\x6d\x6d\xce\x24\xe3\xa1\xe7\x58\x10\xae\xad\x26\x34\xb8\x07"
	"\x3d\x52\x23\x66\x17\xb9\xb1\x13\xec\xac\x98\xd8\xdb\xed\x2d\xa0"
	"\xc0\x8f\x02\x6e\xc4\xec\x8b\xc0\x8d\x51\x15\xd0\x0b\xc6\x73\x6c"
	"\x98\x28\x74\x88\x0d\x61\x9e\x11\xfd\x55\x12\x62\x18\x3b\x82\x0e"
	"\xf4\x10\x62\x2a\xf9\x97\x4e\x06\xdf\xdb\x67\x2c\x68\xe2\x05\x25"
	"\xe2\xc8\x08\xf8\x94\x6e\xcc\x15\x96\x87\x99\xc6\xf5\x2c\x93\xa2"
	"\xa0\x65\x4e\xf6\xb9\x19\xa3\x44\xb6\xc0\x8e\x49\x1c\x1b\x46\xca"
	"\xb5\xae\x15\xe3\xb9\x81\x1d\xe3\x79\x76\xcc\x66\x45\x3e\xa1\xb3"
	"\x02\x63\xae\xb3\xb2\x47\x76\xed\x98\xd0\x09\x03\x3b\xc8\x4d\xec"
	"\x98\x30\xb6\x62\x92\xc8\x06\xf1\xdd\xc8\xd2\x89\x12\x14\x86\x7e"
	"\x62\xc7\x6c\x56\xe4\x13\x38\x76\xcc\xaa\x4a\x5b\x66\x19\x4b\x6b"
	"\xdf\xb6\x43\x8a\x14\xb3\xf8\xbc\xf2\xf6\x14\x55\xbd\x1e\x66\x06"
	"\x43\x74\xd5\xae\x00\xcb\xfe\x21\x01\xd6\x1c\x02\x1b\x20\xb2\x01"
	"\x62\x0b\x20\xb6\x55\x32\xb6\x55\x32\xb6\x55\x32\xb6\x55\xd2\xc6"
	"\x38\xa4\xfc\x60\x03\xd8\x2a\x99\x04\x9e\xbf\xb1\x63\x36\xee\x0a"
	"\x8c\xb9\xbd\x75\x1a\x47\xbe\x85\xad\x00\x66\xe3\x99\xbb\xa5\x14"
	"\xa0\x7f\x95\x37\x8c\x72\x81\x6a\xb5\x0f\xd0\x54\x48\x9e\xe0\x5b"
	"\x31\x91\x65\x3e\x49\x4c\x14\x3b\x9e\x15\x93\x38\x1b\x4b\xf3\x76"
	"\x71\x90\x20\x37\xb5\x0c\x53\xc0\xbf\x7c\x7d\x66\xd6\x8d\x96\x1f"
	"\x84\x65\x97\x90\x08\x0b\x17\x90\x08\xff\x2f\x1b\x22\xb5\xe4\x61"
	"\xd0\xde\xbc\x08\x5e\x2c\x77\x23\xdf\x3c\xd8\x39\x4b\x97\x97\xe8"
	"\x3a\x8c\xe7\xda\x31\xe1\xd9\x73\x2c\x95\x66\x3c\xdd\x44\x6c\x1d"
	"\xc8\xb2\xf4\x7a\xd8\xd6\xb7\xb0\x6e\x9e\x1e\x82\xb0\x6d\x41\x85"
	"\xdc\x26\xf9\x70\x21\x78\x14\xd8\x2a\xc7\xc2\xd0\x76\xc2\x49\x5d"
	"\x2f\xce\x62\xeb\x81\x8a\xbb\x8e\x6b\xcb\x8a\x47\xb1\x17\xdb\x31"
	"\x91\x45\xd0\x97\x83\x13\xdb\x44\xf0\x92\x78\x4e\x62\x85\x58\x36"
	"\x27\x09\xf1\x3d\xeb\x26\x18\x99\x57\xb1\x38\xb0\xd4\xb2\x6b\x0b"
	"\x56\xbb\x16\x7e\xa1\x20\xbe\x1d\x12\xdb\x20\x1b\xcb\xac\x06\x88"
	"\xa5\xc9\x27\x4a\xc2\x38\x34\x1f\x04\x4e\xc2\xf5\x2c\xc2\xdc\x49"
	"\x80\xe3\x75\x23\xe4\x1c\xfb\x51\xec\x66\x56\x4c\xb2\x06\xe3\xad"
	"\xc0\xf8\x76\x48\x60\x83\x14\x51\x1c\x08\xbe\x02\x15\x96\x7b\x1b"
	"\x2a\xf4\xa2\xc3\x6e\x05\x28\x3f\xe8\xe2\xf6\xaa\x7d\x6f\x6a\x15"
	"\x33\x24\x80\xfa\x76\xb3\xcf\x4b\xb0\x35\x1d\xde\x9d\xba\x2c\x2f"
	"\xc8\x63\xc7\xf8\xff\x3a\x4b\xf0\x78\x0f\xb4\x48\xae\x76\xb7\x69"
	"\xe0\xb2\x1c\x3c\xb3\xc1\x9d\x5d\xcd\x6f\xe9\x59\xbe\x23\xc7\x02"
	"\x8c\xa2\x4f\x10\x4d\xa5\xee\xce\x94\xe7\xf3\x60\xce\xb7\xc0\x1d"
	"\xa1\x8d\xdc\x43\x30\x7d\x53\xdd\x27\xca\x2d\x3c\xae\xac\xa4\xfb"
	"\x64\x78\xfa\x04\x2f\xd3\x04\x13\x14\xc6\xef\xf0\x5a\x69\x80\xc6"
	"\x76\x02\x00\x94\x71\xbb\xa5\x46\xae\x06\x77\x6d\xd4\x6d\xc7\x02"
	"\xbd\xa8\xce\xf2\x20\xca\xa8\xe0\x58\x49\x86\x36\x8e\x97\x82\xf5"
	"\x71\x32\x6b\x26\x5e\xa3\x2b\xf0\x47\xd8\x13\x34\x9f\x65\xf9\x69"
	"\xd7\xe4\x0f\xba\x4f\xaf\x53\xce\xe4\x18\xfb\xa1\x6a\xe8\x83\xae"
	"\x00\x75\x4d\x48\xd2\x9a\xde\xd1\x52\xf8\x1b\xa7\x05\x8d\xc3\x1f"
	"\x5f\x67\xd6\xc2\xd3\xf7\x5c\xa5\x5c\x05\x61\xc9\x65\x33\x49\x33"
	"\x53\xb2\x9b\xbe\x61\xe2\x4d\x19\xeb\x2b\x60\x81\x8d\x8a\x38\x97"
	"\x07\x11\xbc\x70\x41\x2f\x9f\xf6\x83\xd0\x65\xe9\x69\xb2\x04\x00"
	"\x00\x3e\xae\x8f\xca\x16\x0d\xd6\xee\x9c\x46\xaa\x5a\x05\x32\x48"
	"\xab\x0a\xcc\x5e\x6f\x82\xa2\x01\x06\xe2\x4b\xd8\xe8\xcb\xbc\xaf"
	"\x9e\x2f\x4c\x5f\x6e\xd3\x5e\x9b\x75\xf6\x0e\x01\x8a\xa8\x8a\x20"
	"\xbb\xad\x96\x6d\x03\x23\x39\xa1\xeb\xb3\x31\x07\x70\x03\xd1\x1b"
	"\x33\x2e\xda\x06\x3d\x3e\x0f\xb8\x09\x21\xf5\xda\x8e\xd6\x39\xb9"
	"\x5f\x54\x4c\x3f\x3f\xa0\x84\x23\x08\x40\x44\x41\x57\x7c\x72\x26"
	"\x22\x3d\x64\x95\x56\x0d\x1f\xa2\xf6\x54\x9c\xd3\x3e\xe4\x49\xaf"
	"\x24\xf2\xed\xe3\xed\xe5\xe7\x1d\x7f\x7b\x7f\x7b\xf9\xf6\x71\xb7"
	"\x7d\x7e\xf9\xcf\xf7\xf7\xe7\x8f\xd7\xd9\x3d\xf5\xdc\x8e\xe1\x1a"
	"\xc4\x8c\x4c\xb3\x9b\x46\x37\x23\xb7\x5a\x32\x60\xc9\xf7\xef\xdf"
	"\x1f\x2f\xa0\x31\x7b\x1b\x96\x6d\xec\xfa\x5d\x76\x63\xcb\x0d\x69"
	"\x24\x15\x71\xb2\x09\xf4\x7b\xaf\x02\x70\x3f\x42\xf6\xdd\x91\x8c"
	"\x5c\x57\xf4\x3a\xd4\xa0\xbf\x84\x5c\x76\xa9\xef\x89\xf0\xe2\xc8"
	"\x31\x44\x37\x06\x90\x72\x07\xb4\x2b\xf2\x76\x61\x15\xab\x41\x1d"
	"\x8a\x14\xf1\xf3\x0a\x18\xd9\x83\x41\xe2\x20\x52\x9a\x02\x64\x49"
	"\x10\xb9\xec\x7c\xc2\x8b\x69\x6b\xcf\xc1\x7d\x9a\xa9\x8e\x6e\xc0"
	"\x88\x25\xc5\x7b\x25\x23\x89\xe3\xe3\x95\x00\x72\xe0\xa1\x36\x0d"
	"\x13\x88\xa9\x16\x0a\x12\x18\xc9\xc8\xdd\xea\x85\xec\x9b\xc8\x98"
	"\x1e\xa7\x22\x17\x25\x9e\xb5\x3c\x53\x41\x00\x5f\x63\xfb\x46\x8c"
	"\xa9\x81\x07\x1a\x4a\xc9\xf2\x46\xaf\xf5\xfa\x80\x24\xc0\x38\x89"
	"\xd3\xd4\x47\xc9\x32\xfb\x85\x45\xe6\xd5\x77\x46\x2d\xc9\x88\x79"
	"\x21\xd0\x30\xd3\x43\xa8\xd9\x27\x52\x3e\x75\x29\xab\xb0\x60\xe4"
	"\x80\xb9\x97\x7b\x0a\x52\x34\x90\xe3\xb8\x66\x58\x7c\xa9\x2b\x3d"
	"\x30\xd3\x43\x07\x9f\x64\x4a\x33\x22\x40\x2e\xaa\x06\x40\x14\x85"
	"\x86\xb5\xdb\x03\xe2\xd0\x02\x48\x7c\x33\x20\xde\x18\x01\x71\xe2"
	"\x44\x66\xba\x17\x98\xe9\x89\xe5\xfb\x24\xc6\xe9\x22\xf4\x4d\x9f"
	"\xe7\xe5\xce\x73\xb7\x4c\x3f\xff\xf2\x27\x65\x81\x5c\xe3\x7c\xc2"
	"\x48\x3d\xc9\xcd\xac\x51\x26\xdf\x28\xa4\xc9\xc5\x11\x25\xd6\xe9"
	"\x2e\x90\x4b\xd8\xd7\x05\x54\x94\x64\x65\xba\xb7\x50\x1a\x87\x74"
	"\x25\xf5\x34\x35\x43\x3e\xd3\x2a\x9b\xab\xba\xdc\x2a\x4b\xce\xe9"
	"\x82\xe3\x66\x52\x3d\x00\x55\x2f\xb9\x7c\x8f\x45\x32\x53\x80\x34"
	"\x10\x41\x6c\xc8\xe0\x3e\x76\xf0\x91\x6e\xca\x40\x84\x2e\x4e\xe7"
	"\x79\x6a\xde\xa4\x38\xdd\x44\x61\x6b\xc1\xb0\xc0\xc1\xf7\xd2\xff"
	"\x23\xee\xda\x7a\x1b\xc7\x95\xf4\x5f\xf1\xd3\x62\x06\x7b\x0e\x5a"
	"\x17\xeb\xe2\xb3\x98\x07\x5a\x92\x6d\x76\x74\x6b\x51\xb2\x9d\xbc"
	"\x08\x9e\xc4\x3d\x13\x20\x89\x1b\x49\xfa\xec\xcc\xbf\xdf\x2a\xca"
	"\xb2\x75\x2b\xd2\x58\x2c\xb0\x0f\x7d\x31\xeb\x13\x2f\xc5\x22\x59"
	"\x24\x8b\x55\xe2\xee\xde\x87\x21\x69\x29\x3e\x27\x1c\x92\xb2\xe5"
	"\xde\x31\x34\x8b\xa8\x80\x8d\x78\x44\x75\xea\xc8\xa2\x10\x53\x51"
	"\xd1\x4a\x6c\xdb\xd9\xa3\x27\x4b\xa6\x58\x55\xe3\xdc\x5e\x28\x06"
	"\x31\x1a\x86\xf9\x34\x67\xa1\x98\x38\x51\x88\x31\x8b\x13\x22\x62"
	"\x12\xfa\x7e\x34\x0d\xc2\x24\xab\x71\x0c\x49\x79\x50\x56\x79\x8d"
	"\x94\x95\x92\x00\xc5\xdc\xd6\x00\x16\x86\x1a\x60\x99\x9e\xb2\xdd"
	"\xc0\x19\x85\x1e\x70\x46\x38\xae\xa3\x2b\xc5\x57\x03\x7c\x57\xd3"
	"\xd2\x85\x69\xe8\x00\x6a\x65\xe3\x02\x52\x2d\xea\x00\x82\x25\x8d"
	"\x38\xa2\x29\x77\xf1\xdc\xb0\x15\x42\x0c\x00\x8c\x33\xaf\x96\xf2"
	"\x5d\x6c\x5a\x9e\xad\xc6\xc4\x89\xed\x28\x26\x9a\x32\xb0\x1d\x7f"
	"\xa1\x60\x58\xa2\x58\xd5\xb7\x7b\x5f\xa1\x73\xb1\x82\x3f\x64\x29"
	"\x53\x72\xb2\xc5\xa8\x18\xb9\x4b\xfc\xb9\x42\x37\x00\xb2\x6d\xaa"
	"\x75\xa7\x33\x44\x53\x88\xed\x18\xba\x5c\x06\x6f\x98\x86\x9b\xc4"
	"\xee\x9c\x72\xdd\x39\x52\xcf\x99\xaf\x88\x26\xd4\xf1\x36\x8b\x4b"
	"\xb6\x8e\xa6\x33\x69\x37\xbf\xe8\x2b\xaa\x4a\x08\x53\xb3\x2b\x1c"
	"\x4f\x3b\xe4\x61\xc7\xe4\x07\x23\x78\x5e\x64\xfb\xfb\x0b\x74\xba"
	"\x06\xb8\x79\xf2\x89\xc1\xd9\x41\x85\x8e\x4d\xa8\x18\x1d\x50\x0a"
	"\xff\xe4\x1a\x10\x28\xdd\x16\x31\x50\x07\x20\x53\x03\x5a\xb1\xd4"
	"\xb1\x1d\x47\x57\x75\xd2\x2c\xed\x0a\xe1\x22\x5e\xd8\x86\xa3\x47"
	"\xb9\x96\x67\x32\x0d\x4c\xaa\xbc\x3a\x56\xe1\x6a\xe3\x99\xb7\x80"
	"\x2c\x2d\xc8\xf7\x88\xb7\x2f\x7d\x90\x96\x51\x71\x33\x69\xdc\x80"
	"\x72\x3d\x57\x83\x42\xc5\xdc\xf1\x6f\x40\xf9\xee\x7c\x71\x0b\xca"
	"\x35\x6e\x40\x2d\x1c\xeb\x16\x14\x71\x35\xde\x41\x81\xc6\xac\x15"
	"\xbf\x7c\x55\x3d\x44\x94\xfb\xba\x0e\x6c\xeb\xfb\x86\x7b\x13\xca"
	"\xbf\x09\xb5\xd0\xa2\x76\x89\x06\x71\x39\x14\x54\xce\x1e\xd2\x84"
	"\x94\x25\x59\x1c\x85\xd3\x53\x87\x04\xc4\x6c\xc9\x97\x4b\x7d\x46"
	"\x71\x10\x2e\x15\xd9\x60\x29\x4b\x4d\xb5\x61\xe9\x75\x4c\x2a\xb6"
	"\x6e\x0f\xe6\x5a\xb6\x96\xe5\x8d\xf2\x63\xd9\x37\xc1\xbc\xfd\x2d"
	"\x30\xf3\xa6\xba\x39\xd6\x5c\x97\xdb\x96\x7c\xb4\xdd\x39\xb9\xcc"
	"\x0b\x3d\xc2\xd6\x43\xe6\x18\xa3\x40\xd4\x71\x98\xe9\xb1\x9b\xfa"
	"\x6e\x49\x84\x60\xec\x8c\x9e\x28\x81\x55\x25\x50\x8a\x44\x11\xad"
	"\xd6\x51\x3a\x2d\x0f\xd2\x81\xe2\x6a\x3f\xac\xd1\x38\x8f\x3c\xd9"
	"\x4c\xe7\x20\x26\x77\x7e\x1d\x7a\x59\x75\xde\xaa\x16\x41\x7b\xaa"
	"\x78\x4d\x48\x58\xde\xfb\x7d\xf6\x10\xdd\x39\xba\x8e\x79\xd1\xf5"
	"\x6c\x56\xc8\x04\xe9\xfa\xad\x9f\x9c\x46\x97\xaf\x7b\xe9\xb0\xd3"
	"\x23\xd2\xdd\xc9\xf4\xaf\xdb\xe9\x7c\x44\x96\xde\x4f\x13\x58\x7a"
	"\x9f\x4d\x53\x36\xac\xc8\x27\x29\x09\x68\x16\x77\xcb\x70\x92\xb6"
	"\x4f\x26\xbe\x91\xac\x91\x0e\xe1\x7a\x3d\x11\x74\x1c\x66\x4f\xbb"
	"\x8f\x29\xea\x0d\xdf\x3b\x9b\xd0\xa2\xc8\x9c\xba\xcb\x6f\xaa\x49"
	"\x6d\xa2\x91\x83\x51\x58\xb0\x72\xea\xc8\x00\xdb\xde\xf7\x4b\x83"
	"\x29\x65\x11\xb1\xe4\x81\x0a\x1a\x09\x35\x59\x67\x45\x1e\x57\x6b"
	"\x45\x91\x7c\x5d\x81\xf2\x43\x51\xcb\x12\x3e\x25\x42\x4d\x00\xab"
	"\xe2\x2c\xcb\x97\x2c\xb8\xa3\x3e\x6f\xdc\xd6\x11\xdf\xb7\xf4\x72"
	"\x4f\x91\xd1\xe4\x85\xa6\x2a\x82\xcf\x20\x95\x17\xd3\x6c\xec\xf8"
	"\x3f\x6d\x55\x69\x8c\xe9\xdb\x86\x71\xed\x79\xe8\x7b\x3d\x3e\x3d"
	"\x1f\x66\x8f\xa7\xf7\x89\xc8\xa0\xcd\x57\x01\x4b\xd0\x81\xe8\xf5"
	"\xe3\xab\x82\x2e\xe9\x4d\x74\xb9\xba\xdc\xb6\x90\xa9\x23\x00\x89"
	"\x44\x4f\x9d\x25\x5e\x54\x6d\xe9\xdc\x0a\x86\x6f\x66\x27\x72\x1a"
	"\xe0\x44\x58\xdc\x80\x0a\xa2\x40\x5b\x2b\xf8\x51\x16\xe8\x89\xbe"
	"\x18\xd7\xe6\x4a\xab\xc3\xed\xd4\x3a\xba\xe5\x61\x84\xe3\xb8\xe3"
	"\x07\xb1\x49\xda\xce\x63\x0b\xc3\xd0\xa3\xe3\x51\x96\xf3\x29\xf2"
	"\x30\x8d\x85\xdb\xa1\x37\x98\x86\xd0\x6c\x55\x12\x9e\xca\xf8\xcb"
	"\xe9\x3a\xea\xcc\x74\xb2\x1c\x98\xd4\x2d\x9c\xd8\xc7\xf5\x58\x56"
	"\x2b\x6b\x30\x81\x5e\xd3\xe1\x93\xac\x7b\xe7\x7d\xa5\x6c\x93\x51"
	"\xf0\x62\x59\xd0\xd4\x68\x68\x2f\x54\xb7\xcb\x41\x41\x98\x92\xf6"
	"\x9f\xde\x96\x25\x3e\x8b\x8e\x22\xd8\xfb\x24\x44\x1e\x18\xa4\x82"
	"\x85\x2c\xc7\x50\xda\xbf\x99\x6e\xc7\x13\x01\x10\xdb\x20\xea\x92"
	"\x17\xd3\x4b\x9d\x84\x49\x8f\x89\x22\x0a\xf0\xf6\x16\x2a\xdd\xc4"
	"\x06\x1e\x5f\x6c\x49\xd9\x1f\xdf\x64\xc9\xae\x97\xd1\xe9\xfb\x03"
	"\x66\x77\xfc\xfd\xf1\xf0\x3a\xf6\xae\x2d\xa3\xd4\xcb\x9e\x0a\x62"
	"\x26\x3a\x0c\x1d\x10\x06\x21\x66\x3b\xa0\xb5\xc8\x03\x36\x8c\x69"
	"\x9d\x38\x94\xf7\x25\x59\xb7\x72\x6b\xb8\xc4\x3d\x93\xcc\x32\xf6"
	"\x09\x2d\xeb\x52\x60\xbd\x8c\xd2\x6f\x1a\x88\x74\xb3\xab\xc3\xe4"
	"\x9c\x99\x1a\x4c\x58\x06\x82\x3a\x7c\xbd\xa2\xa2\x32\x4b\x84\x06"
	"\xb3\xe2\x69\x94\x73\x5d\x9d\xbe\x46\xe8\x11\xe1\xab\x0e\x15\x63"
	"\x9c\x9d\x65\x10\x6a\x70\x77\x50\x26\x11\x26\xb2\x03\xca\x52\x1e"
	"\x30\x0d\x28\x61\x85\xae\x81\x49\xb1\xc0\x27\x31\xba\x9c\xd2\x9d"
	"\x6f\xe8\xb8\x90\x6d\x1d\xc2\xac\xbc\x87\x21\x0c\x64\x07\x98\x5a"
	"\x97\x53\xce\x02\x8b\xb8\x4a\xe9\x81\x3c\x5b\x21\xd7\x1d\x94\xa9"
	"\x13\x2a\x11\x51\xb6\x61\x1d\x4c\xba\x80\x5a\x11\x46\x7c\x43\x98"
	"\x8e\x9f\xa0\xcf\xf1\xfd\xf2\x16\x90\x4e\xf2\xf0\x2f\xc7\x30\x6e"
	"\x42\x99\x37\xa1\x9c\x9b\x50\xee\x4d\x28\xff\x16\x94\x7b\x4b\xbd"
	"\x4c\x47\xcf\xfa\x6f\x0b\x7d\xe5\x11\x13\xe8\x41\xb6\xbe\x0b\xcb"
	"\x3b\xc3\x9c\xeb\x41\xa6\x69\x6b\x2b\x85\x53\xb0\xaf\xed\xc3\x2a"
	"\x05\x05\x55\x37\xe8\x4b\xd7\xd4\x4d\x8e\x65\x46\x45\x4b\xec\x62"
	"\x2a\x58\x39\xef\x74\xa8\xad\xef\xd8\xba\x21\xb8\x0d\x0c\xca\x6f"
	"\x4b\x07\x04\x33\x5e\xa2\xc1\xec\x79\x21\xa3\x7a\x07\x5c\x37\x83"
	"\x3e\x04\xb6\x62\x45\xcb\x77\xd3\x02\x70\x5e\x61\x61\x11\xa2\x9b"
	"\xf4\x50\xd8\xee\x5c\x91\x37\x74\xf8\x2e\x5a\xaa\xda\x22\x2c\x8b"
	"\x38\xa4\x6b\xca\x07\x4c\xb9\x1d\xdb\x81\xbd\x1d\x5e\x4e\x7f\x7c"
	"\x79\x7a\xfe\xe3\xf9\xf3\xf0\x32\x03\x04\x6e\x54\x26\xbc\xaa\x9f"
	"\x55\xc0\xca\xa0\xec\x8d\xcf\xad\xdc\x5b\x36\x15\x48\xba\x41\x94"
	"\x89\x3b\x78\x1c\x7b\xf6\xa2\xae\xab\x01\x2a\x4e\xd4\x2e\xea\x4c"
	"\xa3\x7c\x9a\x22\x59\xee\xa3\xea\x65\x15\xae\x09\xbf\x59\x57\x50"
	"\x48\x58\xae\x88\x44\xc8\x52\xc2\x62\x4b\xe6\xb0\xb4\x02\xeb\x6c"
	"\xa8\x93\x2b\xab\xcb\xc4\xc0\x40\xb9\xa3\xc2\xfd\x03\xd9\xf0\xcb"
	"\xa1\xd7\x37\xbf\xaa\x7b\x06\x34\x6c\xca\xdd\x4f\xa3\x2f\xa2\x62"
	"\x4b\x6f\x35\x40\x7b\xbe\xf8\x98\x3a\x1b\x9c\xf5\x36\xe5\xe7\xde"
	"\x65\xab\xa8\x0e\x02\xae\x92\x73\xca\xb3\x79\x43\x95\x87\x87\x20"
	"\xc6\xc4\x39\x10\x9a\xbb\x35\xfb\x39\x45\x1e\x84\x2f\x29\x95\x8b"
	"\x05\x0c\x50\x10\x1c\x5e\x8f\xef\x07\x90\xf8\xa7\xd9\xf6\xf9\xe9"
	"\x78\xea\xfa\xe3\x04\xe5\xa9\x68\x77\x92\x43\x7b\x3d\xc6\xa7\xeb"
	"\x2a\xfd\x4e\xd2\x75\x05\xf2\x52\x45\xaf\x44\xd4\x86\xd0\x73\xe7"
	"\x9e\x33\x75\xe2\xb0\x0d\xa0\xf4\x3b\xcf\xf6\xe6\xc3\x3a\x01\x23"
	"\x82\xda\xde\xcb\x4d\xcf\xd4\xc6\xb1\x85\xf4\xb7\x71\x97\xe4\x35"
	"\x46\x21\xc0\x1d\x4a\x9f\x26\xc2\x48\x86\xc1\xea\x79\xde\x1c\x10"
	"\x60\x77\x50\xe2\x76\xba\xdd\x08\xf6\xaa\xd5\xc5\xed\x2f\x28\xa2"
	"\x82\xb0\xd7\xe8\xef\xc5\x92\xfc\xdb\xc8\x3a\x74\xa2\x2f\xc3\xe3"
	"\xeb\xcf\xbf\x5a\x33\xbf\xc7\xd3\xdb\xf7\xe7\x3f\x3a\x61\x17\x9a"
	"\x7c\x9a\x1d\xd6\x28\xfb\x3a\xad\x40\xba\x93\xfd\xe5\xd8\x69\x3e"
	"\x04\x94\x22\xcf\x3b\x61\xa9\xf1\xe7\x60\x93\x79\xdd\xcc\x36\xa3"
	"\x64\x5a\x50\x01\x27\x1d\xf7\xa8\x40\x58\xe6\x70\xcc\xfd\x5f\x48"
	"\xf5\xff\x92\x83\xff\x1f\xc5\x9d\xc3\x66\x1c\x9f\x66\x49\x12\x7c"
	"\x11\x68\x2d\x76\x76\xc7\xdd\xf7\x66\x00\x13\x2f\x12\xc9\x99\x37"
	"\xb8\xcf\xa5\x37\xcd\x15\x2f\x92\xa1\x1b\xe5\xce\x56\xfa\xf0\xf6"
	"\xf8\xfc\xf2\x72\x78\xff\xfb\xea\x3c\xfe\xf3\xe7\x1b\xfc\xfb\x0f"
	"\x40\xbe\x7d\x9c\xf0\x3f\xcf\xd6\x23\xfc\xfa\xf1\xfc\x8f\xd9\xf7"
	"\xf7\xd3\xdb\xe7\xf1\xed\xe9\xe3\xd7\xe1\xde\x1b\xcf\x4d\x8a\xad"
	"\x8c\x54\x20\xa2\x18\x26\x8f\xe1\x89\x08\x9e\xea\xc9\xd8\x15\xcd"
	"\x22\xfb\xf3\xe9\xf9\x04\x0c\x78\x3c\x3d\xc9\xb2\x7e\xbc\x9f\x60"
	"\x0e\xc7\xe2\xa4\xcf\x97\xd7\xe7\xbf\x3a\x3e\xc8\x8a\x50\x5c\xa0"
	"\x6d\x9a\x64\x35\x91\x8a\x39\x1c\x7a\x05\xf4\xe9\xc7\xb7\x7e\xea"
	"\xb9\x07\x9b\xf6\x76\xd6\x13\x49\x5c\xbd\x1c\x3e\xfe\x1c\x26\x36"
	"\xf9\x3c\xbf\x42\xb5\xff\x7d\x7c\x3d\xbe\x7d\xce\xd0\xab\xfe\x85"
	"\x2c\x5b\xf7\xa5\x01\x81\x08\xfc\x78\x87\xa6\xa1\x21\x6e\x0f\x24"
	"\xc2\x62\x26\x59\xdd\x4f\x4e\x9e\x3f\x1e\x8f\x2f\x68\x14\x7c\xc2"
	"\x78\x0d\xc7\x97\x1f\x43\x84\x68\xfa\x65\xf6\xf3\x03\x84\x04\x72"
	"\xfd\x38\x3d\xd6\x8f\x4d\x13\x9a\x3e\x1c\xf6\x4d\x59\xa5\xdd\x33"
	"\xe6\x4e\x22\xfa\x15\xce\xbb\x51\xb5\xba\xb4\x32\x64\xbe\xb5\x30"
	"\x14\x44\x6f\x4f\x12\x4d\xa0\x9a\x24\x75\xe1\xfb\xde\x34\x31\x29"
	"\x61\x4b\x47\x64\xbb\x97\xbb\x42\x8a\x86\xe1\xa3\x29\xda\x9c\xa4"
	"\x25\xc1\x7c\x2e\x7c\xc3\xee\x9d\xb0\x7e\x7c\x82\x08\x1d\xde\x9f"
	"\x66\xbf\x7c\x1c\x3e\xa1\x33\x9e\x3f\x8f\xbf\x5e\x65\xff\xd2\x53"
	"\x7d\xe8\xa3\xf4\x6a\xfc\x9f\x33\x18\xa9\xd0\xdf\x9f\x18\x2d\x6c"
	"\xe2\x23\x98\xe1\xfe\x29\xd4\xf9\x22\xa4\x84\x61\x48\xe5\x33\xd6"
	"\x99\xea\x55\x44\x4e\xa7\xeb\xdc\xcf\xc5\xdd\x00\x71\x29\x27\x38"
	"\xd7\x7b\xa2\x1a\x0c\x23\x5d\xff\x92\xc2\x5c\xf4\xe7\x8c\x81\x74"
	"\x3d\x3f\x1e\xde\xbe\xdc\x9d\xde\x8f\x87\x37\x98\xd2\x2e\x75\xfb"
	"\x12\xc8\x76\x87\xe5\x76\x22\x0f\x2e\x42\x75\x5b\xae\xa8\x3e\x53"
	"\xfe\xe3\xc6\x4f\x5b\x1d\xb9\x83\x82\x21\xf1\xf2\x77\x33\xb2\x3e"
	"\xbe\xe4\x71\x7c\x19\x36\xa0\xc2\x9e\x7d\x18\xb6\xc3\x79\xf6\x1d"
	"\xc6\xbb\xec\x91\x16\x54\x9e\x4e\x2f\x1f\xe8\x76\x1a\x10\xc7\x97"
	"\xd3\x8f\xd9\xdb\xf1\xbf\x69\xe6\x87\x55\x92\xdc\x4f\xb1\x76\xfd"
	"\x7e\xf8\xf1\x27\x5a\xfa\x8f\x0e\xe8\xb7\x6b\xd6\x77\x2f\x7e\x4e"
	"\x90\x87\xa8\xeb\xbc\x92\x07\xa8\x6d\x11\x45\xc7\x25\x11\xfc\xc0"
	"\x70\xe6\xbc\x0e\x45\xef\xc6\x05\xd3\xc3\x1c\x26\xde\x7d\x1b\xdf"
	"\x67\x5a\x14\x10\x26\xdd\xe6\x10\xfe\xdd\xbb\x80\x1a\xa6\xf0\x15"
	"\x2e\xd6\x24\xb2\x89\x63\x24\x23\x28\x09\x58\xb0\xc5\x66\xea\x68"
	"\x18\x70\x77\xb0\x4c\x35\x41\x6c\x86\x75\x5e\xc9\x73\x76\xf5\x83"
	"\x1d\xc4\x49\xd7\x89\x30\x60\x43\x7a\x25\x43\x6b\xa4\xf3\x9c\x3e"
	"\x83\x0e\x1d\xcc\x99\xbd\xdc\x9a\x30\x48\x9e\x41\x1c\xaa\xb4\x10"
	"\xc1\x63\xca\x53\x67\x0b\x49\xf7\xb9\x9c\xc9\x16\xfe\x9e\xc4\x6d"
	"\xc2\x98\x38\xa7\x94\xbd\xc9\x62\xe8\x4d\x8e\xfc\xbb\x27\x41\x05"
	"\x83\xc5\x93\xe6\x0e\x4b\x42\x10\x9a\xa9\xb7\x4c\xb3\x5f\x9a\x35"
	"\x36\x38\xe5\xed\xda\xfa\x2b\x46\x7f\x00\x55\xe3\xe7\xfb\x01\xdf"
	"\x85\x0c\x79\x93\x66\xd5\x36\x62\x15\x59\xd6\x76\x1d\xd1\xa2\x53"
	"\x85\x31\x5d\x49\x85\x20\x25\x6b\xb6\xb6\x88\x43\x35\x29\x68\xbc"
	"\x28\x2a\x51\x7f\x8b\x12\xba\x62\x45\xc0\x8a\x3a\xdc\x01\xbb\x89"
	"\x80\x94\x08\xfa\xb6\xa7\x2b\xb8\xcc\x82\x8d\x20\x24\xb8\x71\xa2"
	"\xde\x4f\xc0\xab\x6f\x8e\x01\x36\xf0\x8e\x62\xcd\xd3\xf5\x50\xb8"
	"\x65\x1c\xc2\x10\x03\xcd\x85\x41\x4e\xb7\xfd\x8c\x52\x02\x42\xc1"
	"\xe9\x9a\x21\xb5\x16\x25\xa3\xea\x90\x84\xb9\xa3\xcc\x1d\x00\x73"
	"\x4d\xfd\x82\x9c\x28\x1f\xb7\x36\xbb\xe5\xb0\x58\x4c\x15\x1b\x5a"
	"\xea\x1b\xba\x2a\xcf\xc1\x76\x6a\x40\x2d\xfa\xc1\xc3\xdb\xe4\xe9"
	"\xbd\xd5\xa8\x39\x71\xc4\x44\x44\x94\x9d\xb3\x34\xba\xc4\x10\x08"
	"\x9f\x3f\x7e\xbc\x1c\xfe\x9e\xe5\xa0\x88\xbd\x8c\xa6\x11\x09\xad"
	"\xe3\x6d\x28\xc8\xd2\x1a\x48\xa3\x5f\x69\x40\x3c\x4d\xb3\x18\xe3"
	"\x85\x19\xde\xe2\x81\xb8\x8e\xb8\xa2\xbf\x86\xbc\x8e\x4b\xc3\x33"
	"\x92\xc8\x70\x0c\xc5\xd0\x39\xd7\x80\x25\xa2\x4a\x31\x5e\xea\x82"
	"\xf2\x0c\xda\x69\x11\xe0\xd6\x73\x87\x30\xe8\xba\xe2\xe0\x6f\x86"
	"\x67\xe6\xb0\x9d\xde\xee\x4d\x63\x65\xd8\xf3\xf4\xe6\x9a\x08\x37"
	"\xb2\x37\xc4\xc1\xdf\x24\xda\x67\x4c\x9b\xb7\x34\xc1\x88\xbf\x99"
	"\x86\x59\x98\x62\x4f\x9c\xbf\x8f\xf0\xc2\x98\xdb\xa5\x19\x47\x7a"
	"\x3c\x2f\x0b\xbc\x23\x80\xc1\xe6\x79\xfe\x62\x4b\x88\x50\x13\xb0"
	"\xb0\x2f\xb4\x4d\x06\x17\x4a\x4f\xba\x38\xe8\x15\xef\xdf\x0f\xb0"
	"\x09\x5c\xbe\x3f\x3f\xfd\x71\x1c\x09\x5a\x73\x53\x0f\xe5\xb2\x74"
	"\xef\x51\xa7\x59\x23\xa0\x6b\xd1\xa3\x1e\x74\x96\xa5\x54\x3a\x42"
	"\x16\xd0\x8b\x2e\x48\xb6\x32\xee\xb7\x1c\x4f\x18\xbe\x72\xc3\x73"
	"\x74\x03\x11\xe6\x7b\x7c\x99\x85\xce\x0f\x7d\xc7\xd8\xda\xf5\x6a"
	"\x47\x7e\x87\x2b\x67\x5e\xa6\xf6\xdc\x55\xf5\x2a\x2e\x7c\x75\x2e"
	"\x7c\xd7\xa2\x25\x05\x96\x69\xf8\xc3\x7d\xea\x41\x52\x83\xe1\x0b"
	"\xc3\xa2\x19\x07\xfb\xd5\x0d\x5f\xb2\xc6\xc2\xdb\x73\x3d\x1a\xc8"
	"\xeb\x72\x95\x0f\x9c\xda\x75\x79\x86\x0e\xa2\x17\xae\x69\x0e\xa7"
	"\x27\x19\xd1\x2e\xdc\x7a\x8e\x49\x4b\x19\x2b\x82\x7c\x4d\xaf\x70"
	"\x1b\x0e\xf3\x3c\x54\x33\x09\xd4\x90\x3b\x5e\xf0\x54\xd1\x82\xf4"
	"\x3e\x2c\xe8\x35\x3c\x8f\x4d\x45\x15\x9b\x68\xa5\x34\x99\x2f\xcf"
	"\xd1\x35\x47\xda\xc8\xea\x1d\x76\xa7\xb3\xdf\x7f\x7e\xff\x8e\x51"
	"\xa7\x86\x57\xf1\xab\xde\x12\xd2\x2a\x79\x52\xe5\x9b\x72\xb3\xb9"
	"\xac\x83\x24\x44\x57\x68\x9d\x48\xe8\x4b\xd0\x5d\x4a\xbe\xea\xb9"
	"\x25\x85\xc4\x90\x78\x9e\x02\x24\xe9\xe3\x7a\x1b\x09\xa6\x38\x00"
	"\xc6\xa2\xe0\xcf\x8a\xc7\x71\xd1\x3b\xd0\x38\x13\x82\x2c\xbf\x87"
	"\x9a\xb2\x11\x81\x27\x6c\x1d\x2d\x63\x5e\x0e\xea\x83\xb4\x02\x94"
	"\xde\x9c\xef\xa3\x18\x4d\x0b\xea\xe5\x3d\x61\xcf\x05\x48\x71\x2f"
	"\x2e\x65\xab\x30\x6d\x35\x54\x98\x4b\x8d\x28\x50\x5e\x64\x78\x4c"
	"\x03\x03\xb8\xc4\x9f\x55\x9a\xb0\x3c\x8f\xf0\xe1\x01\x9d\xf1\x2a"
	"\x2b\x22\xbe\x4e\x61\x9e\x80\xed\x74\xaa\x6c\x46\x96\x0b\x92\x0e"
	"\x73\x11\xc6\x01\x22\xc8\x09\xc3\x27\x93\x11\xf9\x39\x9a\xb6\x8c"
	"\x82\xcc\x75\x3e\x87\x6f\xcf\x1b\x10\x31\xe8\x8d\x92\xc7\x92\x25"
	"\xe5\x20\xfe\xf3\x58\x64\xff\x6c\x23\x6b\x4e\x78\x15\xc5\x6e\x95"
	"\x2a\x2a\xc9\xd9\xc4\x9a\xae\x1a\x2b\x92\x00\xb6\x07\x43\x19\xb9"
	"\x5f\x46\x85\x45\x2d\xeb\xf8\x19\x4c\x7a\xc0\x6e\xb2\x27\x79\x22"
	"\x4a\x92\x98\xe5\x38\xa9\x17\x34\x3b\x85\x19\xca\x37\xb6\x14\x3d"
	"\x05\x29\xe1\xa4\x44\x14\x7c\x4b\xd2\xb8\x37\x37\xe8\x4e\x86\xd5"
	"\x95\x2c\x53\xb1\x05\x42\x7e\x94\xf7\x26\x71\xff\xd6\x50\xc9\xa6"
	"\xda\x24\x85\x6d\x29\x3f\x8b\x48\xe5\x24\xf7\xd2\x28\x83\x81\xc6"
	"\xc9\x59\xe7\xee\x9e\xb8\x0d\x06\x9a\x1d\xae\x48\x0e\x6c\xb3\x2c"
	"\xcc\x32\x93\x24\x97\xb0\x02\x92\xad\x29\x41\xf3\x88\x68\x79\x61"
	"\xc5\x1d\x2d\xba\x64\xa6\xb0\xe3\x4a\xa8\xf0\x7f\xc8\xa3\x44\x04"
	"\x15\xdd\x1e\x6a\xb3\x88\x62\xb2\x4c\xea\xf5\xbe\x9c\x3b\xf4\x08"
	"\x38\xbf\xf1\x21\x85\x29\x42\x55\x2d\x4b\xc8\xca\x25\x4b\x60\x17"
	"\x2d\xe2\x09\xe1\x9f\x14\x27\x9b\x22\x63\xa1\xd8\x44\x11\xcd\xcd"
	"\x2a\xab\xef\xcc\x85\xb1\xa7\xa5\x87\xdc\x10\xc8\xfd\xdc\x92\x9e"
	"\xc7\x05\x0c\x4d\xc2\x56\x47\xb2\xdc\x33\xa7\x66\x9a\xcb\x04\x89"
	"\x2f\x06\x3a\xe6\x71\xad\xd9\x35\x24\x36\x96\x6e\x17\x8f\x1d\xd7"
	"\x17\xed\x40\x8b\xe7\x2b\xc3\xb0\xe6\x56\x49\xf8\x85\x92\x98\x44"
	"\x58\xbe\xbd\x5e\x11\x26\x21\x12\x52\x6e\x6d\xc7\xf8\xb6\x25\x01"
	"\x30\xa9\x2d\x2c\x42\x4d\x6b\xe9\x36\xa1\xe6\x21\xbd\x0c\x33\x6b"
	"\x9e\x90\xe4\xed\x7a\x6d\xcd\x6d\x8b\xcd\x49\x84\x32\x9c\x90\x64"
	"\x9d\x1b\xb9\x76\x42\xd7\x40\xb1\xc1\x42\x32\x6c\x67\x6c\x77\xb1"
	"\x5a\x13\x27\x4f\x67\x3e\x3a\x86\x79\xb7\x52\xb0\x7a\xb3\xf7\xed"
	"\x7e\x98\x80\x51\x37\x0f\x7a\x73\x44\x3f\x7b\xa8\xe9\x3b\x27\x6f"
	"\x89\xd4\x5b\x97\x0e\x22\xf1\x17\x73\xb3\xde\xc5\x51\xa8\xac\xc6"
	"\xd5\x51\xce\x6e\xf0\xe0\xe5\x8a\x61\x61\xee\x53\x26\x8f\x03\x94"
	"\xa7\x43\xc5\x89\xed\xda\x84\x05\xde\x00\xb5\xd0\x81\x72\xdf\x71"
	"\xf6\x1a\x90\xc2\x3b\xfb\x25\x9f\xad\x63\x19\x5e\x9c\x6b\x60\xcb"
	"\xd0\x35\x0d\x4f\xc7\x84\x22\xd8\x07\xe9\xf4\x2a\x08\x1a\x94\x28"
	"\x59\x19\x51\xc6\xce\x03\x25\xa8\x75\x75\x11\x76\x03\x60\xc2\xe6"
	"\x31\xeb\x8d\x7d\xf8\x8d\x1e\x87\x31\x44\x39\xcc\xa6\xd3\x02\x79"
	"\xc5\x40\x15\xcc\xa9\x98\x74\x1d\x48\x10\x57\xa5\x65\xcd\x3b\x01"
	"\x2c\xb3\x2a\xed\x09\x86\x4c\xa8\xd1\xf4\x77\xf8\x54\xb7\x05\x48"
	"\xfc\xf5\x87\x0c\x16\x59\xf4\x93\xf2\x20\x19\x25\xd4\x51\x1c\x8e"
	"\x13\x79\x14\x2c\x1c\xbf\x9f\xbe\xd9\x85\x51\xde\x4f\x2a\xd8\x2e"
	"\x01\xa5\xa7\x9f\x08\xc2\xdd\x5c\xaf\x66\xab\x15\x9e\x50\xf7\xa9"
	"\x5f\xa1\xdb\xc6\x29\x67\x5b\xe2\x61\x8c\xd3\xa6\xc9\x78\x10\x3e"
	"\xdd\x62\x59\xd7\xb6\xa1\xbd\xcf\x36\x85\x4c\x26\x3e\xeb\x1b\x5e"
	"\xf7\xab\x83\x97\x0d\xb0\x84\x87\xe2\x37\xdb\xea\xa6\x9f\x97\x87"
	"\x3a\x8b\xc3\xbe\x09\xbc\xac\x47\x91\x05\xf5\x6a\x90\xd3\x16\xdd"
	"\x51\x88\x48\x12\x57\x62\x58\xc3\x2b\x95\xa7\xe5\xb4\x9e\x21\xab"
	"\x4a\x9e\xdb\xc9\x4a\x45\xdf\x2a\x8c\x15\x5c\x90\x88\x2c\x8f\x6d"
	"\xb9\x01\x05\xa8\x0a\x34\x9f\x02\x75\xeb\x31\xb6\xf2\x91\xc9\x78"
	"\xcd\x43\xe6\xcb\xd0\xc2\x9e\xa4\x26\x65\xce\xb6\x8a\xa6\xe1\x6b"
	"\x91\xba\x32\x5d\x87\xf2\xde\x88\x79\xe4\x15\xe9\x50\x51\xca\xc7"
	"\x38\xda\xee\x26\xfc\xa7\x3c\xfe\xef\x58\xf4\xa0\xc0\x60\xf8\x25"
	"\xd8\xd1\xe1\x43\x01\xd0\x44\x1e\xa2\xdf\xdc\x79\xaf\xfb\x87\x5d"
	"\x5e\x89\xe5\x28\x01\x74\x9c\x90\x67\x43\x1e\x21\xa1\x62\xa6\xa2"
	"\x9a\x32\x86\x0a\xe3\xec\x9b\x12\xe1\xae\x38\x15\xf2\xf9\x8c\xd8"
	"\xf0\x15\xe5\x72\x0f\x21\xcb\x20\x24\xb7\x4f\x6d\x16\x79\x16\xea"
	"\xe8\x1b\x35\xa2\xcc\xd2\x88\x7c\xc8\xd2\x82\xb6\x0c\x7a\x77\x4f"
	"\xc8\xda\x85\x93\xe8\x50\xad\xcf\x64\x91\x05\xa3\x84\xcb\x8c\x33"
	"\x64\x3c\xd2\x58\x82\x4e\xbb\x68\x21\x6c\xbc\x60\x01\x52\x31\x02"
	"\xdb\x70\xdb\x35\xb7\xc6\x26\x37\xe2\x14\x9c\x4d\x36\xf0\xc6\x74"
	"\xf5\x7e\x3c\x7e\x3c\x1e\x5e\x8e\xb3\x20\xaf\xae\x56\x14\xa7\xd7"
	"\xd7\xd3\x5b\x07\x7a\xfa\x81\xb7\x4c\x1f\x13\x9f\xfc\xab\x67\xc9"
	"\x72\x6e\x04\x46\xec\x66\xa2\xa0\xeb\xd8\x82\x04\xe3\x7a\x8c\xb8"
	"\x01\x93\x87\x44\xd0\xf9\x2e\x2a\xd2\x15\xc7\x93\x3d\x76\x24\x65"
	"\xe4\x87\x30\x60\x29\x3a\xa6\xb2\x4c\x63\xc8\xdd\x89\xdc\xd6\x4a"
	"\xfa\xb7\x60\xe2\x80\x4d\x94\xc9\xf3\xe3\xfb\xe9\xf8\x72\x7c\xfc"
	"\x7c\x3f\xbb\x98\x2b\x13\xdb\x9a\x61\x97\x37\x96\x30\x13\x31\x5c"
	"\xda\x2c\xf7\xe5\x2a\x5f\x33\xb2\x66\x0f\x7b\x50\xae\x13\x42\x8a"
	"\x65\x95\xf1\x7c\xf3\x32\x7b\x9c\x4b\x40\x83\xd1\xa9\x20\x2c\xad"
	"\xc4\x06\x0b\xaf\x79\xdc\xa9\x6c\x2d\x0b\x59\x65\x7a\x8a\x49\xe5"
	"\x0a\x72\x4d\xd2\x2b\xc5\x08\x48\x06\x86\xef\x00\x3d\x83\x72\x96"
	"\xdb\x82\xee\xe6\x26\xe5\x5b\xfb\x0a\x71\x1c\x2d\x84\x32\x23\xef"
	"\x42\xe6\xba\xba\x38\x36\xe1\x1d\xe0\x02\x89\x03\x87\x3a\x25\x68"
	"\x31\xcb\xb2\x16\x41\xa6\x84\x04\xc2\x76\x62\xdb\xba\x01\x63\xdf"
	"\x80\x99\xdf\x80\x71\x34\x98\xb9\x15\xcf\x2d\x3d\xc6\xd1\xcb\x47"
	"\x83\xbb\x25\x2f\x57\x8f\xf1\x6c\x2d\xc6\xd5\x37\xcd\x33\xf4\x90"
	"\xdb\x1a\xe6\xe9\xc5\x1e\x61\xfb\xbd\x7f\x4b\x76\x36\x19\x39\xa5"
	"\x83\x21\x3c\x51\x5c\x21\x8e\x1d\x6b\xb2\x81\xf5\xd1\x32\xfb\xb7"
	"\x59\x03\x84\xbc\x66\x6f\x9f\x89\x8f\xbe\x8f\x84\x67\x6a\xa4\x2c"
	"\x12\xbe\x6d\xba\x5a\x88\xa5\xe7\xcb\x19\xa6\x63\xf3\x1a\xed\xfd"
	"\xd5\x53\x1a\xde\x08\xd7\xc5\x9d\x6d\xd8\xea\x8a\x81\x1e\xbf\xf0"
	"\x1d\xcd\x2c\x24\x41\x0b\x2a\x82\x41\x17\xe4\xaa\x3b\xe3\x1c\xc2"
	"\xbc\xde\xe1\x71\x86\xbc\x6f\xbc\x19\x7e\x7e\x47\xac\xc4\xc3\x3e"
	"\xc7\x74\x7d\x53\x8b\xf1\x16\x7b\x6d\x57\xb4\x38\x5d\x5f\x00\x0e"
	"\x3a\xdf\x67\xb7\x64\xd8\x00\x6f\xc8\xd1\x31\xad\xbf\x6e\xc9\x50"
	"\xe2\x74\xf9\x15\xa5\xe3\x6a\xc4\x13\x21\xb6\xa9\x85\x78\x9e\xb6"
	"\x30\xb1\x2e\x63\x47\xa5\x3d\x4b\x10\x2f\x56\x67\xd5\x55\xbf\x82"
	"\xeb\x95\x2c\x21\x12\xcb\x35\x2c\x7d\xdd\xce\x38\x1d\x63\x01\x37"
	"\x77\x5c\xb5\xb4\x8b\x92\x51\x0f\xa5\xba\x10\x47\xc3\x88\x92\x83"
	"\x32\xaa\xd6\xe7\x4a\x26\x2c\x47\xb3\xa6\x00\x86\x74\x2b\xd7\xc5"
	"\x78\xe6\x5e\x8f\xb1\xd4\x75\x2e\x57\x6c\xe1\x7b\xea\x89\xb9\x8c"
	"\xb7\xb6\x65\x30\x1e\x58\xb6\x96\xdb\x5d\xac\xae\x07\x2f\x58\xf2"
	"\x3d\xd4\x18\xa9\xc1\x09\x9b\x59\x96\x17\x29\x41\xbb\xc4\x77\x4c"
	"\x43\x0b\xd1\xe8\x46\x12\x32\xd7\x42\x7c\x6d\x41\x94\xe7\xe4\x2e"
	"\x84\x0a\x60\xd1\x81\xd8\xfa\x5c\x6c\x4f\x0b\x99\xeb\x73\x71\xf4"
	"\x2d\x72\xb4\xac\xf3\x3c\x7d\x2e\x9e\xab\x83\xf8\xc6\x5c\x2b\x90"
	"\x67\x98\x4e\x16\xd1\x4b\x9d\xa1\xad\xf6\xc2\x35\xf4\x10\x4b\x0b"
	"\xf1\xe6\x7a\x88\xb6\xc7\x17\xbe\x5a\x5d\x7c\x90\xdb\xd0\x85\x9b"
	"\x5b\xea\x0a\xa5\xac\xf2\x9d\xb9\xa1\xc5\xf8\xe6\x0d\x18\xcd\x88"
	"\x28\x73\x86\x31\xf6\x98\xa5\x9f\x93\x54\x33\x82\xbc\x33\x93\x07"
	"\x96\x3a\x8c\x08\x2a\x35\xae\x59\xb7\xd6\x05\xcb\x37\xb7\x03\xa7"
	"\x72\x6d\x8e\xd9\x78\x38\x36\xf1\x86\xc4\x5e\x40\x53\x1e\x5e\x83"
	"\x80\x97\x45\x94\xae\xcb\x69\x27\xd1\x00\x2c\xd8\x6e\x42\xd5\xad"
	"\x9a\x1c\x3b\xf9\x5d\xef\x70\x9a\xfd\xff\x8f\xe3\x23\x5a\xbe\x63"
	"\x75\x26\x36\xdd\xf8\x05\x9b\x97\x51\x40\x96\x8b\xfe\xa5\xaa\x32"
	"\xab\x94\x88\xa2\x9a\x3a\xcb\x92\xb4\x3c\xef\x3b\xa5\xbf\x24\x12"
	"\x5e\x76\x24\x5d\x10\x46\x13\x92\x58\xe1\x31\x25\x49\x5e\x46\xf1"
	"\x1d\x61\xe8\xd4\x90\xcb\x2c\xaf\x89\x38\xf7\x08\x08\x36\x51\x41"
	"\x04\x97\x6f\xc8\x1c\x7e\x29\xe8\x59\x21\x98\xa2\x69\x79\x91\x85"
	"\xfc\x2e\xba\xa7\xdb\x17\xc8\x37\x28\x34\xb9\x79\xbc\x45\xd2\x41"
	"\x50\xd6\x59\x5a\x70\x11\x91\x90\x28\x11\x03\x0e\x74\x89\x71\x14"
	"\x64\xc9\xb0\xc7\xa2\x38\xa3\xb3\x7b\x80\xf6\x90\xd4\x75\x94\x2c"
	"\x39\x31\x98\x24\x7d\x45\x5c\xac\x22\x71\x93\xc5\xd4\xfb\x77\xf9"
	"\x6d\xe9\xfa\x36\xcd\x6b\xa8\x96\x5a\x70\xef\xee\x69\x26\x55\x01"
	"\x1a\x4d\x06\x24\x7d\xc7\x62\xca\x03\xa7\xac\xda\x7d\x41\x3f\x5e"
	"\x40\x00\x0f\x58\x48\x97\xce\x4b\x9a\x56\xee\x78\xba\x61\xa9\xa2"
	"\xd9\xa9\xe0\x30\x95\x28\x0a\x8f\x03\x19\x8a\x85\xa6\x47\xa1\x82"
	"\x36\x8c\x26\xde\x27\x03\xd7\x86\xf3\x49\x87\x2c\x8d\x60\x92\xac"
	"\x12\xa3\x49\x21\x61\xf7\x2b\xe2\xb9\x88\x24\x73\x0c\x93\x90\xad"
	"\xca\xd1\x77\x59\x0a\x13\x68\x5f\x02\xbb\xe4\x2a\x2e\xb9\x14\x83"
	"\xfe\x3c\x99\x72\xf8\x2c\x0d\xb3\x61\x76\x69\xc9\xc9\xb6\xa5\x65"
	"\xc1\xd7\x24\x35\x2b\x54\xb2\x9a\xb3\x14\xe3\xb3\xc4\x99\x62\x2c"
	"\xe4\x51\x0a\xac\x21\x0c\x72\x1a\x00\xec\x94\xef\xd3\x3d\x0d\x80"
	"\xd9\x69\xf0\xb0\xa4\x4b\x8d\x59\x2a\x8d\x95\x03\xd1\x67\x06\xbe"
	"\x33\xc1\x7b\x62\xde\x0d\xb4\xd4\x49\x84\xe9\x62\xc8\xa7\xbc\xe0"
	"\x09\xa3\x2b\x52\xa0\xa9\x8d\x42\xc0\x8b\x2c\x08\x18\xdd\x50\x98"
	"\x43\x55\xcc\x3c\x5b\x80\x13\xcd\x44\x3f\x7d\xdd\xbb\xe4\xf4\x7e"
	"\xa2\xfe\x32\x5a\x33\x7a\xb2\xa0\x0b\x29\x23\x96\xa8\xa8\x51\x8c"
	"\x97\x74\x11\x3d\x17\xab\x9c\x85\x48\x26\x24\xb4\xac\xad\x8b\x28"
	"\x4a\x99\x50\xac\x04\x22\x61\x45\xf9\x35\xbb\x57\x16\x51\x72\xc5"
	"\x58\x85\x09\x4c\x44\x8a\xa1\x5e\x6e\x60\x1e\x49\x14\xe4\xa2\x12"
	"\x65\xc2\xf0\xb9\x0b\x3d\x8f\xa2\xe6\x52\xe7\x84\x49\x5d\x33\x93"
	"\x52\x61\x5a\x24\x95\x73\xd2\xb5\x21\xd2\xf7\x1c\xc6\x0c\x49\x7d"
	"\x88\x8a\x4c\xc9\x9f\x87\xfb\x10\xd4\x17\xc5\x54\xd9\xc4\x33\xaa"
	"\x37\xd5\x92\xd6\x48\xe2\x5c\x10\xa2\xf8\x6d\x5b\xb4\x9a\x18\x3a"
	"\xa4\x98\x54\x0a\x9b\x9b\xcb\x91\x62\x98\x4f\x1a\x39\x9f\xc1\x8d"
	"\xa5\xc0\xe5\x89\x5b\x3f\xdf\xab\x5b\x41\x2b\x40\x30\x91\x4d\xb6"
	"\x09\x78\x8d\x56\xae\xa0\x1c\x37\x86\xba\x7d\x37\x66\x23\x83\x30"
	"\x79\x4d\x2b\x23\x3f\xf6\xd3\x58\x11\x6c\xea\x0d\x13\xf5\x26\x08"
	"\x7b\x94\x3e\x2c\x0f\xf8\xe0\xbb\x34\x85\xd9\x2e\x88\xea\x34\xda"
	"\x75\x7c\x5b\x4e\xbc\x75\x46\xde\x9d\xef\x0c\xfb\x7c\x6b\x23\xa8"
	"\xa1\xfd\x0a\x17\xe5\xd0\xe9\xda\x0d\x1e\xe6\x24\x27\xca\xb5\x8a"
	"\x56\xef\x36\x30\x1b\xc5\x5c\x94\x4a\xd4\x32\x96\x26\x39\xa2\x24"
	"\x85\x05\x91\xb0\xb4\x0a\x34\xbc\x5c\xaf\x23\x74\x32\xbe\x24\xaf"
	"\x8a\xa5\xd3\x38\x42\x30\x91\xb6\x93\xdd\xb1\x64\xab\xd1\xd6\x43"
	"\x4a\xda\xe9\xe3\x13\xdf\xf4\xe1\x9b\xd6\x17\xb4\xad\x1f\xeb\xfe"
	"\xf2\x7b\xd7\xdb\x1b\x06\x76\x1c\x21\x24\x7b\x14\x92\x61\xbf\x36"
	"\xa9\xa3\xfe\x6c\x52\xcf\xc6\x72\x7d\x52\x74\xcd\xa6\x57\xbe\x4c"
	"\x2f\xd0\xe2\x1e\x78\x56\x97\x25\x51\x0b\x09\x2b\x4b\x14\x14\x01"
	"\x0a\x7a\x38\x91\x79\x53\x9b\x71\xe6\x94\xcd\x66\x17\x50\x6f\x04"
	"\x0f\x54\x45\x6f\x3a\x56\x80\xc3\x52\xb2\x7d\x65\x99\xc6\x26\x1f"
	"\x32\xb1\x07\xe2\x22\x37\x4d\x77\xaf\xc5\xd8\xae\xa5\xc4\xac\x40"
	"\xd0\xf0\xae\x58\x85\xc1\xf8\xda\x18\xe8\x88\xee\xd4\x6c\xb2\x53"
	"\xb3\x4b\x4b\x87\x1d\x9b\xe9\x78\x50\x9d\x01\xb4\xbf\xa5\xd8\x37"
	"\x4d\x25\xa2\xf0\x99\xeb\x3a\x0b\x4f\x09\xc2\x3a\x48\x4f\x21\xc9"
	"\x40\xb7\xb8\xc8\x7d\xf3\x86\x64\x16\xbc\x1c\x3e\x3e\xa6\x36\xbc"
	"\x72\xde\x09\x68\x91\x90\xe6\x48\xc4\x72\x26\x47\x5d\x48\x7f\x5b"
	"\xf6\xdf\xe0\xc8\x62\x53\x58\xbb\xfe\x35\x6b\x9c\x52\x65\x05\xda"
	"\x8e\x3f\x1d\x7f\xe0\x83\x71\x74\xcf\x20\x02\xc1\x67\xbf\xff\xfc"
	"\x9c\x2d\xe3\x3b\x9c\x00\x6b\x11\xce\x5e\x0f\x7f\xb7\x66\x13\x87"
	"\x97\x8f\xd3\xec\xf7\xe3\xec\xed\x78\x7c\x3a\x3e\xfd\x17\x64\x7a"
	"\xec\xe5\xb4\x39\xbe\xfc\x90\x26\x14\xaf\xe8\xf0\xf5\xf9\xed\xfb"
	"\xa9\x3f\x39\x9e\x71\xc3\xce\x3a\x27\x2b\x4c\xab\xba\x28\xdc\x6c"
	"\xab\x7c\x90\x5d\x72\x63\x25\x5b\xb1\xa5\x16\xb7\x02\xbd\x86\x5a"
	"\xef\xbb\x38\x2e\x42\x4b\xe1\x51\xaf\x85\xc1\xff\x59\xa9\x45\x89"
	"\x30\x2c\x8c\xc5\x4d\x30\xc7\xd1\xc2\xbe\x56\x49\x2e\x36\x99\xbe"
	"\x58\x16\xb3\x2a\x64\x5a\x58\x96\x46\xf4\x3e\xb5\x0b\xbc\x63\x45"
	"\xa2\xcf\xae\x75\xef\x02\x1d\x12\xe8\xfb\x23\x4a\x81\x89\x4b\xd7"
	"\x72\x68\x5e\x57\x4c\x4c\x8e\x35\xfe\x7a\xf8\xe3\xf9\xed\x8f\x29"
	"\x37\x5b\x72\x1e\x0a\x03\x5f\xd1\x83\x72\x43\xa7\x90\x2c\x9e\xd3"
	"\x61\x59\xe4\xf7\x72\x42\x08\x0b\x6a\xe2\x0e\x77\x81\x3d\xd2\x07"
	"\x20\xad\xde\x64\x8a\x85\x5c\x22\xd6\x6c\xe8\xf7\x6c\x88\x08\x31"
	"\x92\x48\x91\x5d\xc3\x37\xe6\x2f\x87\x4f\x18\x8a\xaf\xb3\xf5\xcb"
	"\xcf\xe3\x79\xb5\x6d\x1d\xf6\x0c\x54\x16\xfc\x3e\x5b\x8d\xfc\xab"
	"\x5c\x68\xcd\xb3\xf2\x61\xad\x68\x6f\x78\xf8\xd0\x92\x87\xfd\xc7"
	"\x58\x83\x65\xc5\x73\x8d\x7e\x41\xe7\xc4\xf1\x22\x70\x21\x00\x93"
	"\xda\x06\x8e\x56\xa9\xff\x61\xed\x5a\x9a\x1b\xc7\x91\xf4\x7d\x7f"
	"\x85\x62\x4e\x3d\x11\xdb\x13\x22\xf5\x3e\xf4\x01\x02\x21\x89\x2d"
	"\xbe\x44\x90\x92\x5c\x17\x46\x8d\x4b\x5d\xe5\x68\x97\xe5\xb0\x5d"
	"\x33\x5d\xf3\xeb\x17\x09\x90\x14\x01\x22\x41\x6d\xec\x76\x45\xb4"
	"\x6d\xe4\x47\x3c\x13\x40\x02\xc8\x07\x00\x54\x1f\x49\x88\x73\x47"
	"\x03\x6c\xdb\x5b\x56\x36\x82\x2e\xc2\x96\xea\xbe\xcf\xec\xf6\x33"
	"\x5d\x42\x44\xbe\x67\x71\x38\xc7\x7b\x4e\x50\x7d\xdc\x85\x26\x09"
	"\xca\xa2\x74\x38\x19\x64\x47\xce\xb6\x0e\x39\x6f\x9b\x16\xe8\x25"
	"\x8b\x44\x38\x36\xba\x66\x0e\xd3\x87\x05\x9d\x4f\x1c\x30\x19\xf3"
	"\x15\x1f\x80\x40\x5e\xb5\xe0\xe2\x44\x11\x84\x15\x8b\x08\x2e\x65"
	"\xca\xab\x5a\x97\x27\x0a\xd9\x15\x21\x17\x3f\x8e\x5b\x7c\x6d\x8a"
	"\xf0\xa6\x16\x39\x11\x67\x80\x63\xb8\xce\xd1\xb8\xc7\xb2\x29\xe9"
	"\x89\xe4\x79\xe8\x40\x98\x5e\x49\x34\x21\x8e\x0b\x5e\x95\x92\xc3"
	"\x26\x3c\x17\x65\x6e\x61\x6b\xd0\xa5\x47\x4c\x93\x01\xf0\x20\x3e"
	"\xc2\x99\x81\x7d\x92\xdd\x79\xc6\x79\x0d\xe4\x5b\xf1\xd3\x9f\x79"
	"\x0e\x97\xb3\x20\x87\xc2\x2f\x93\xd9\x78\x32\x08\x9a\xce\xc7\x53"
	"\xa4\xbd\xd2\x43\xa7\x18\x31\x70\xa9\xc4\xfa\xc7\x22\xba\x23\x29"
	"\xdf\x5b\xaf\xcc\xa4\x28\xc6\x94\xb6\x73\x95\xac\x17\xc7\xec\xb0"
	"\x1a\x4f\x7b\x0b\x52\xf1\x90\x31\x0a\xde\x0b\xc1\x64\x7b\xe6\xcd"
	"\x1c\xfe\x8d\x21\x74\xae\x38\x5c\x6e\x6b\x3b\x77\x27\x2e\x0e\x62"
	"\x29\x48\xdc\x83\xdd\x73\x0b\xaa\x5d\x1d\xb2\x6f\x3f\xdf\x9f\x1e"
	"\x3f\x3f\x8f\xa2\xcf\x3f\xc5\x4a\xdc\x73\x0b\x2e\x65\xbd\xdd\x43"
	"\x4f\x98\x87\xd3\x1e\xd9\x33\x88\x37\x6d\xe9\x9d\x44\xb9\xa9\xac"
	"\xce\x94\x85\x47\xf3\x5b\x19\x1c\xe0\xb8\x76\x38\x87\x95\x12\x3e"
	"\x16\xd1\x0f\x3c\x02\x26\x19\xaf\x36\x2c\x2e\x52\xa8\x1b\xbe\xf3"
	"\x09\xa8\xeb\xc8\x2a\xb3\xe2\xae\x1c\xa4\x05\xce\xf2\xec\xcd\xcd"
	"\x72\x4c\x0c\x8b\xcb\xba\x9b\x6c\xf9\x57\x87\x38\x33\xbd\x1a\x1e"
	"\xea\x9e\x45\xfc\x18\xee\x38\xd2\xf3\x65\x94\x59\xbd\x99\x34\x5b"
	"\x87\xea\xc0\xa4\xd8\x18\xbe\xd6\xe5\x36\xd4\x1b\x0a\xb5\x39\xb9"
	"\x25\xdc\x2e\x08\xcc\xa9\x19\xbf\x13\xca\x91\x1e\xab\x51\xc0\x02"
	"\xf0\x0c\x73\xfa\x6d\x35\x1e\x5b\xe8\x8d\xe4\x05\xee\x15\xd7\xe5"
	"\x66\x03\x66\x05\x7e\x87\x73\x2f\x6f\x4f\xaf\xdf\x2e\x6f\x82\x77"
	"\x6f\xe7\x77\x73\x5f\x6b\xce\x81\x65\xe0\x70\xa3\x9c\x3b\xc9\xcd"
	"\x81\x0b\x3f\x0a\x9d\x89\xbf\xc0\x97\xbc\xf8\xe8\xcc\x1e\xc8\x13"
	"\xc7\x81\x30\xc9\xe0\x73\x79\xa2\xc4\xf3\x80\x0a\xe2\x4b\xea\x5a"
	"\x7c\xef\xaa\x02\x89\x83\xd9\x6c\x32\x77\x41\x84\xe4\xed\xfb\x0b"
	"\xdf\x4d\x77\x39\x85\x4e\xf7\x25\xbe\x29\x6c\xfd\x71\x31\xc4\x53"
	"\x7d\xff\xac\xfa\x52\x1d\xaa\xc0\xc6\xae\x6b\x8c\x0e\xa6\x77\x93"
	"\xa1\x8b\x91\xd2\x29\x19\x7e\x2f\x10\x85\x6b\xb0\x25\x48\x79\x58"
	"\x18\x82\x69\x59\x31\x90\x34\xcc\xc4\xc6\xde\xa3\xcb\x99\x55\x42"
	"\x8d\xcb\x9f\x3c\x11\x02\x84\x89\xb2\x26\xc6\x60\x9f\x78\x3b\xb6"
	"\x6a\xb4\x4d\x0f\x5d\x12\xea\xf7\x72\xd0\xec\xb1\x54\x9a\xf6\x46"
	"\x5e\xc3\x8a\xcc\x4c\xca\xfa\x49\xea\xa1\x9f\x77\xa3\x0f\xd5\x04"
	"\xda\x4b\x82\x2d\xce\x4c\xa3\xbd\xd0\x10\x1b\x70\x08\xdc\xab\xcd"
	"\x96\xf7\xea\x7c\x08\xcc\xd0\x13\xea\x57\xdd\x90\xaa\x9b\xee\x8a"
	"\x2f\xa3\xe1\x5c\xd7\x1f\x2d\x28\x5d\xb3\x33\xc2\x25\x2d\x46\x0d"
	"\xb4\xfd\x7b\x76\x4f\x21\x02\x04\xde\x41\x39\x2b\x86\xb1\x07\x2a"
	"\x39\x66\xa8\x4e\x0d\x5b\xd9\x33\xc9\x63\x31\xa1\xab\x35\xb9\xa3"
	"\x6e\xf1\x3a\x8c\xef\x43\x32\x16\x0f\xd5\xca\xe0\x6b\x7b\x3e\x9b"
	"\x2a\x02\x53\xee\xa1\xbc\xfa\x33\xa1\x43\xea\xf1\x75\x87\x96\x39"
	"\x68\x3d\x86\xee\xd2\xec\xb3\xa0\x45\x94\xec\xc8\x92\xc2\xd1\x2c"
	"\x31\x4f\xbd\xe1\x6e\x54\x38\x8b\x2f\x19\x14\xec\xe3\xdd\xd0\x5b"
	"\x05\x3a\x44\xe3\xad\xc5\xcc\xf7\x48\xef\xa9\xab\xe5\x9e\xd0\x0e"
	"\xec\xaf\x0b\x1d\x62\x7f\x81\xe8\x12\x7b\x2b\x45\x87\xd8\x5b\x32"
	"\x3a\xb4\x7a\xed\xc0\xaa\x1e\x66\xd4\x2e\x32\x5f\xff\x2d\x9d\xf0"
	"\x3c\x83\xa8\xfc\x53\xba\xca\x2d\x7e\xbe\x5e\x7e\xb5\x5a\xeb\xa8"
	"\x03\x40\x49\x79\x78\x47\x5e\x86\xd8\x6d\xb4\x2a\x0b\xaa\x2c\x8d"
	"\x42\xda\x91\x32\x65\x9c\x42\x45\xb3\x88\x8a\xe2\x40\x5a\xa1\x2f"
	"\xf1\x8d\x2c\x59\xa1\x82\xf8\xc9\x16\xfa\x29\x8e\x3b\xec\x2d\xfe"
	"\x80\x17\x25\x18\xe5\x74\x03\xfb\x73\x67\x04\xb3\x53\xce\xd9\x41"
	"\x08\xc6\xdd\x0f\xea\xc4\x9e\xcb\x5c\x91\xcf\x1a\x8e\x12\x96\xa4"
	"\xc6\xf8\xf6\x66\x65\x7b\x23\x05\x4c\x08\x85\xe2\x14\x26\x4e\x62"
	"\x10\x4e\x56\xb3\x5e\x80\xb9\x58\x12\x7b\x04\x2c\x91\x81\x79\xdc"
	"\x83\x34\xc1\xaa\xdb\x5a\xd2\xb4\x1f\x3d\x04\x86\xc5\x6b\x16\x04"
	"\xa2\x48\xe9\x56\xda\x9e\x37\x78\xde\x4a\x52\x78\x13\x0d\x84\x24"
	"\x1e\x16\x7a\xab\x68\xb4\xdf\x92\x82\x99\x85\x8b\x3e\x01\x3f\x9e"
	"\x4c\x1a\x16\xcb\x47\x77\xb4\x0e\x34\x7f\xc8\x8a\xb4\xef\x8d\x5a"
	"\x3a\xbb\x56\xfe\xae\xef\x78\xd6\x82\x9c\x70\xc1\x1f\xa8\x24\x8f"
	"\xc5\x8f\x10\x69\x25\x0f\x76\xdd\xf7\x8f\x36\xa9\x12\x1d\x2f\x96"
	"\x49\xc6\x79\xaa\xdb\x01\xdf\x10\x99\x3b\x53\x21\xec\x16\x9b\xd8"
	"\xfe\x69\x2a\xd6\xd9\x9c\x70\xe4\x26\x46\xc7\x15\x2b\x6f\x00\x05"
	"\xba\x45\x09\x62\x09\x7b\x43\x6d\xe0\xe7\x64\xec\xac\xb2\x71\x19"
	"\x29\x59\x2c\xdc\x80\x63\x45\x3c\x73\x2c\x48\x34\x0c\xf1\x7a\x81"
	"\x85\x0e\x17\xd4\xa3\x0c\x05\x17\x23\xae\xcc\xe4\xf7\xe4\x18\x8a"
	"\x63\x53\xb1\x2b\x93\x80\xe5\x67\x14\x17\x9c\xf0\x42\xca\xf5\x64"
	"\x8c\xd7\xa1\xe4\x3b\xea\x20\x06\xbb\x70\x2e\x8e\xa3\xf8\xf7\xf4"
	"\x20\x04\x6c\xbc\x03\x1a\x9f\x72\x99\x03\x13\x23\xf6\xf0\xb7\x51"
	"\x39\xb3\x24\xc5\x39\x05\x6e\x47\x04\x9d\xc6\xc1\xa1\x0a\x31\x2e"
	"\x60\x31\x2f\x42\xfb\x25\x07\x3b\xc9\x57\xea\x8e\x07\x08\x78\xb3"
	"\x6e\xa2\xa1\xdd\x7c\x3c\xb4\xa9\x55\x4f\x71\x4b\x07\xad\x73\xb8"
	"\x5c\x4b\xe0\x42\x73\x77\x82\xdb\xa7\x64\xcb\xfa\x1a\xb3\xa0\x74"
	"\x66\xd9\x69\x54\x0e\x34\x9e\x4f\x10\xd5\xf7\x1b\x60\xe6\x00\xc8"
	"\x28\xee\x63\x27\x1d\x33\xa5\x94\xf4\x8c\x92\x15\x16\x66\x47\x02"
	"\x50\xaf\x1f\x2a\xfb\x6c\xb2\x9a\x4e\xdd\xf4\x99\xef\xa2\xcf\x66"
	"\xbe\x37\x40\x9f\xb8\xe9\x73\x67\xfe\x4b\x2c\x34\x55\x43\xc7\x6c"
	"\xc0\x6e\xdd\x83\x78\x46\x69\x01\xf3\xc9\x00\x60\x35\x9b\xdb\x36"
	"\x67\x49\x97\x32\x81\x64\xb4\xea\xe8\x1b\xbc\x29\x69\x3b\x92\x15"
	"\x4a\xb3\x4d\xcf\x38\x10\x62\xa5\x3f\xe5\x63\x44\x49\x5e\x15\x8e"
	"\x38\xb7\x91\xc4\x36\x9a\xad\x83\xfd\x02\x7f\x39\x76\x75\x6f\x31"
	"\x99\xad\x1c\xc3\x53\x50\x02\xa1\x8f\x1d\x80\x88\xce\x56\x98\x6d"
	"\x4c\xcb\xe0\xb3\xbf\x70\x7a\xc8\x27\xde\x26\x9a\x78\xab\xf3\x20"
	"\xc6\x70\x81\xa5\xf5\xb4\x0c\x49\x13\xed\x9b\x77\xaf\xdb\xa4\x95"
	"\x2f\xd1\xff\x7c\x7e\x7a\xf9\xf3\x17\x4f\x85\xdf\xc9\xb7\xeb\x51"
	"\xad\x49\xfa\xe3\x05\x3c\x70\x5b\x94\xd1\x47\xbf\xdc\x14\xcd\xfe"
	"\xde\x9f\xf6\x70\x91\x1d\xa3\x75\x01\xbf\x9b\x79\x58\x19\x4e\x84"
	"\x24\x8d\x3f\x70\x8a\x2c\x91\x92\x5e\x72\xe6\x18\x4e\xc9\x4f\xcd"
	"\x93\x84\x19\x1d\xb9\x6d\x77\xf1\xf6\xf4\xf5\xab\x76\xab\xdc\x55"
	"\xee\x31\xd7\xcf\x46\xe7\xa7\xe7\xaf\x45\xa3\xa6\x62\x95\xc4\x9e"
	"\x96\x35\xe0\x8e\x09\x21\x70\xcd\xc8\x1d\x50\xab\x23\x44\x3b\x94"
	"\x66\xe5\x30\xc8\xbd\xd2\x35\xa8\x46\x35\x4b\x1f\x05\xd9\x79\x4f"
	"\xaf\x1f\x10\x19\xe0\x7d\xf4\xa1\x7a\xf0\xc6\x21\xc9\xe5\xe3\x8f"
	"\xa7\xe7\x0f\xf0\xd1\x2e\xfd\x91\x8f\x7e\x81\x8e\xfe\xf8\xfc\xf6"
	"\xf5\xf2\xd1\x67\x8f\xb6\x4b\x85\x5c\xca\x43\xcc\x93\x9d\xde\x40"
	"\x3c\xc6\x90\x86\xcb\x48\x82\x5c\xa4\x29\x19\x30\x5c\x8b\x73\x01"
	"\xe2\x41\x30\x14\xff\x4f\xc4\x26\x9f\xd8\xee\xd9\x98\x58\x8e\xfa"
	"\xaa\x75\x90\xaa\xff\x55\x1f\x84\x81\x91\xf5\x3b\x1f\x49\xc4\x05"
	"\x5c\x49\xb6\xc9\x47\x5d\xfa\x3e\x7f\x48\x41\x0c\x9e\x4f\x7b\x39"
	"\xdf\x48\x70\x2a\x8b\xf0\x32\xba\x40\xe8\x2c\x31\xd0\x15\x65\xc3"
	"\x25\xde\xd0\x25\xeb\x95\x8e\x69\xdc\x4b\xe2\x19\x6c\x5b\x70\x32"
	"\x05\x05\xec\xb3\x2a\x04\x47\xc9\x05\x2c\x8a\xec\x41\xd3\x0b\x0a"
	"\x77\xa0\x9d\x98\xdb\x05\x35\xa3\xc0\x42\xd2\x8e\x0a\x31\xee\xc1"
	"\x9e\xd8\xb8\x57\xfb\xdb\xdb\xc7\xe3\xf8\x6f\x5d\x80\x20\x16\xe9"
	"\x8e\xea\x5f\xd5\x89\xc6\x57\xb7\x98\xd5\x05\x45\xc3\x42\x01\x2d"
	"\x39\x0a\x41\xae\x59\x8b\x45\xc2\xe8\xa9\x71\x1b\xdd\x59\x95\x00"
	"\x08\x2f\x27\x2d\x2f\x99\xe9\xe0\xa1\xc9\x92\x6c\xb8\xa3\xea\xa6"
	"\x57\x65\xc8\x2a\xd3\x31\x95\x5e\xeb\xfc\xd8\x7b\x91\x6d\xf5\x55"
	"\xa1\xa6\x16\x51\xaf\xf9\x8e\xac\xd7\xb3\x4f\x0c\x51\x19\xbe\x81"
	"\xce\x58\xc8\xd4\x06\x12\x70\xd4\x2d\x62\x17\x82\xd8\xe0\x75\x20"
	"\x73\xe4\x89\xa0\x81\xec\x1e\xe2\xe5\x6c\xee\xae\xaf\x38\xff\xce"
	"\x57\xc8\xc1\xa3\xc1\xe4\x7c\x46\x27\x03\x65\x85\x3c\xf2\x7c\x24"
	"\xa6\xa7\x8e\xf1\xdd\x19\x9d\x05\x64\xe6\x44\x64\x74\x83\x1a\xbf"
	"\x6a\x98\xf1\xfc\x0e\xd0\x3d\x98\xe5\x40\x1f\x4e\xbd\x62\xe9\xee"
	"\xc2\xf5\x61\xe2\xef\x9d\x08\x2e\x0e\x02\x2b\xe4\xc1\xba\xc1\x6c"
	"\x62\xd4\x8d\x45\x3b\x56\x82\xfd\xbc\x41\xc8\x0c\xf1\x5a\xd0\xcd"
	"\xc5\x77\x8f\x02\x8b\x27\x63\xdf\xcd\xc5\xf9\x71\xb9\xd4\x35\x06"
	"\x94\xf1\x9f\x38\x89\x0f\x4c\x35\xe8\xd1\xd5\x70\xa7\xaf\xa6\xc3"
	"\x13\xcd\x1f\x86\xcc\x06\x21\xd3\xc9\x30\x64\x78\x46\xaf\xc6\xc3"
	"\x53\x11\xf1\x9c\xd0\x76\xe9\x0a\x73\x2e\x74\x1b\xba\xe9\xf0\xe8"
	"\xce\x3d\xef\x8e\x29\x3f\x5d\xde\xb1\x74\xf8\x43\xd3\xc7\xf7\x06"
	"\xe6\x6a\x4c\xb3\xc5\x6a\x86\x6c\x25\x16\x5f\x4d\xc0\x3f\x70\x0d"
	"\x7c\xc7\x92\x1d\xf0\x89\x3f\xb9\xa7\x86\x43\x8c\x2c\xf8\x68\x45"
	"\xfb\xa1\x3e\x5b\xfd\xba\xc1\x7a\x78\xfe\x72\x3e\xc4\x20\x98\xbf"
	"\xfd\x2e\x64\x36\xc8\x89\xf3\xe5\xac\xda\x90\x38\x8c\x1e\x86\x90"
	"\x8b\xe9\xd0\xe4\xf0\xa7\x63\xf7\x14\x83\x20\xc6\x8b\x82\x0c\x30"
	"\xca\x74\x59\x0c\xb4\x1e\x20\x93\xd9\x20\x64\xb6\x72\x43\x78\x3c"
	"\xf7\x07\x1a\xb5\x3e\x4c\x97\x03\x4c\x9b\x67\x33\x3a\x30\xcb\x80"
	"\x21\xdc\x33\xe8\xd3\x43\x72\x88\xb3\x1e\xc7\x5c\x5f\x7e\x85\xd3"
	"\xcc\x00\xbf\x64\xd1\x78\x60\x9d\x07\x84\xbb\x8a\x9b\x42\xfc\x36"
	"\xb4\x17\x64\xf1\xf2\x6c\x3d\x56\x37\x00\x38\x73\x9a\xe2\x96\x1c"
	"\xf8\xe4\xc8\xdd\x9d\xb8\x30\x74\x8a\x5a\xfb\x73\x15\x0e\x70\xa8"
	"\x0b\x3a\x56\x4e\x70\x36\xb5\x29\xe1\xc4\xe4\x66\x9e\x73\x0b\xed"
	"\xd0\xa6\xf6\x45\x54\x15\xca\x24\x26\xfd\x98\x0e\x22\xb1\x62\xc9"
	"\x56\x8b\xd2\x00\x69\xb5\xeb\x6e\x79\x3b\x98\xb0\x88\xeb\xd4\x54"
	"\xb3\xdf\x03\x8d\xf4\x9c\x08\x26\xdc\x06\x88\x3e\x34\x89\xe1\x8e"
	"\x35\x1a\x23\x11\xb8\xa4\xf7\x3e\xec\x5b\x78\xd8\x8b\x40\x75\x92"
	"\x20\xe7\x88\x58\xc8\x4e\xa2\xb3\x90\xf0\xc9\x59\x34\x99\x8c\x2b"
	"\x2c\xf3\xda\xf7\x31\x47\x01\x4a\x1f\x64\x88\xac\x78\xde\x5d\xca"
	"\x9a\xc4\x6e\xc0\x0e\xda\x58\xc5\xdb\xb8\x18\xc0\x58\x58\x42\x12"
	"\xb7\x10\x73\x2e\xd6\x62\x00\x77\xd3\x1d\xa7\x54\x09\x83\x20\xcb"
	"\xe8\x28\x04\x27\xc8\x82\xba\x68\x56\xf7\xa6\x90\x1f\x7d\x7e\xba"
	"\xbc\x7c\x68\xcc\x4e\xf8\x43\x22\xce\xc5\x78\xc7\x8a\x74\xeb\x71"
	"\x45\xa4\xaf\xcb\x4d\xdf\xfa\x4c\xe6\x07\x5a\x63\xda\xeb\xdc\x49"
	"\xa6\xdb\x0b\x90\xca\x63\xd0\x2d\x22\xbf\x2a\x67\x76\x17\x04\xa4"
	"\x3c\x5b\xb4\x6d\x9b\xa7\x4b\xdd\xb9\x6a\x09\x6e\x96\x10\x17\x4a"
	"\x40\xcb\x60\x76\x8b\x33\x73\x98\x1f\x50\x4c\x00\xc1\x79\x07\x30"
	"\x04\x71\xe4\x04\x34\xce\x72\x9a\x22\x27\x35\x59\x07\x31\xc6\xb5"
	"\x4b\x0a\x14\x93\xb0\xe2\x8c\x67\x90\x97\x88\xb7\x03\xa0\xc6\x9b"
	"\xb9\x3f\xb5\xf7\x94\x52\x53\xdc\x91\x9c\x05\xea\x8c\x7c\x73\x8a"
	"\xbd\x41\xee\xaf\x60\x0d\x42\x63\x0b\x1f\x9f\xde\x3e\x20\x6e\x6c"
	"\x7f\x21\x85\xcf\x54\x53\xd1\x5c\xa1\x3a\x71\x68\x79\xdb\x04\xe7"
	"\x9c\xef\xd7\x3f\x3e\x46\xbb\x9f\xaf\x97\xb7\x5f\x8f\xa3\xaf\x3f"
	"\x2e\xef\x1f\x36\x63\xce\xdd\x43\xc6\xe0\x4c\xcd\x69\x66\x84\xa0"
	"\x68\xca\x11\x63\xa1\x96\xe3\xde\xf5\xd2\x8d\x04\x81\x20\xcd\x83"
	"\xfd\x8d\x8a\x5d\x35\xdc\x10\xf5\xfb\xb4\x16\x7f\xad\x53\xb0\xf8"
	"\xa5\xab\x25\xd6\x29\x57\x46\x85\xb4\x97\xca\xf7\x2c\x62\x45\x9a"
	"\xd4\x5d\x6f\xef\xc4\x16\x9d\x90\x98\x05\xf5\x7d\x49\xaf\x3f\x8b"
	"\xb7\xcf\x2f\xef\x86\x41\x41\x2f\x87\x74\x1f\x4d\x2b\x72\x96\x66"
	"\xac\x4a\xb8\x7c\xbb\x7e\x5c\x1f\x21\xf8\x27\xfe\x51\x96\xa7\x45"
	"\x4a\xd3\xc8\x7c\xd0\xc7\x10\x8e\xbe\x30\x80\x6d\xd7\xe0\x40\xa5"
	"\xda\x75\x07\xe4\x9e\x52\x6b\x64\x5b\xac\x62\x32\xb9\x64\x4a\x69"
	"\x9f\x5f\xde\xfe\x65\x53\x99\xb6\x04\x13\x0c\x73\xc4\xbc\x29\xcb"
	"\x43\x1e\xfb\xa0\x8c\x61\x8f\x40\x9d\x82\x93\x13\xbb\x54\xb3\x5c"
	"\x78\x7e\x89\x08\x3c\x7c\x66\xdc\x7c\xa8\x1b\x25\x31\xb1\xde\x3f"
	"\x6a\x5b\xa4\xb6\xd6\x2a\xda\xe5\xe3\xe3\xe5\xf9\xf2\x76\xfd\x7e"
	"\x31\xa3\x64\x13\xb1\xcc\x7a\x73\x1f\x91\x3e\x1b\xea\xc4\x49\x5d"
	"\xb9\xa8\xba\x1f\x25\x55\x9b\x97\xcf\xcf\xd7\xaf\x32\x86\x6c\x1d"
	"\x9c\xf6\xf1\xfa\x22\xaa\xdb\xaf\xdb\x62\x8e\x04\x83\x10\xa4\x05"
	"\x72\x03\x22\x48\x4b\x0f\xfd\xca\x43\x14\x69\x05\xc9\x50\x70\xed"
	"\x56\xb5\xa9\xe7\x3f\x9f\x7e\xfd\xf2\xf4\x76\x79\xfc\x90\xb1\xaa"
	"\x91\x4a\x17\x0b\xc3\x5b\x66\x1d\x42\xfb\xf5\xf3\xa3\xc8\xe4\xe5"
	"\xf1\x72\x57\xcb\xbd\x19\xda\x3c\x6f\x86\xb6\x61\x31\xed\x97\x1c"
	"\xc8\x1a\xb7\x81\x80\xf9\xcf\x97\x8f\x6f\x97\xf7\x27\xa3\xc0\xd5"
	"\x72\x82\xe5\x2a\x48\x53\x4b\xae\x2a\xbb\xaf\x3f\xc5\xca\xfd\x78"
	"\x7d\xbd\x34\xd1\xd0\xfb\xdc\x35\x9e\xf7\x3b\x36\xb9\x7c\xfc\xfb"
	"\xfa\xf6\xa7\xec\xe0\x9f\xff\xb9\xbc\xfd\xf7\x28\xfc\xfe\x7a\xf9"
	"\x22\xbb\x87\x22\x7d\x32\x5b\x4d\xfa\x97\x3b\xd1\xd3\xd7\x6f\x1f"
	"\xb6\xb2\x0b\x1e\xf9\x7f\x2d\xfe\xea\x0f\xa9\x18\xbd\x7f\x5d\x46"
	"\x97\x97\xcb\xdb\xd7\x9f\x23\x39\x23\x60\xc6\x84\x54\x2f\x8c\x2d"
	"\x30\xa7\x6d\x8a\x36\x75\xd0\x96\x0e\xda\x0a\xa5\x2d\x67\xfd\x5e"
	"\xce\x2f\xef\xd7\x67\x58\x86\xee\x60\x19\x9f\xaf\x30\x96\xf1\xb9"
	"\x87\x59\x91\x2a\xa2\x37\xb6\xec\x21\xea\x59\x6f\xf4\xeb\x48\x85"
	"\xf0\x7e\xbe\xbe\x5c\x8c\xc0\x5e\x3c\xc6\x9c\xdf\x09\xe2\x79\xdb"
	"\x17\x4b\xf9\xeb\xe5\xf3\x9f\x3f\x5e\xa1\x0d\xa2\x61\x82\x67\x5e"
	"\x2f\x97\xc7\x6f\x9a\xff\x6b\xb5\xbc\x56\x3d\xf7\x4f\xf5\x7c\xfc"
	"\xf2\x76\x7d\xfa\x72\x5b\x8d\x09\xdf\x19\x62\x0d\x49\x82\x1c\xb4"
	"\xb3\x8e\x86\x37\x77\x83\x1c\xa5\x27\xd0\xfe\x48\xf3\x87\x6a\x1f"
	"\x46\x51\x77\xb3\x40\x21\x42\x2c\x2d\xd2\x80\x15\x8c\x16\x55\x2a"
	"\x24\x77\x12\xfc\x5e\x1d\x49\x54\xb2\xce\x31\x4d\xf9\x8e\xb9\x6d"
	"\x0d\x62\x3f\x87\xc7\x0d\x21\x5e\xee\x18\xb1\x3b\x4a\x02\x0c\x25"
	"\x62\xc3\x4a\xcb\x62\x00\xb5\x2b\x93\xfd\x00\x44\x48\xd6\x4e\xc0"
	"\x26\xcd\x29\x93\x02\x38\x2a\xa3\x03\x4c\x2a\xdf\x49\x33\xe5\x2a"
	"\x11\xf2\x2d\xb8\x1b\x10\x87\x41\xc4\xca\xb1\x19\xb4\x75\x8a\x39"
	"\x8c\x0b\xb6\x48\x59\x5b\x5e\x81\x73\x75\x08\x37\x88\xed\x91\x31"
	"\x34\x2b\xda\x57\xe7\x28\x81\x20\x29\xfb\xd3\x27\xa4\x10\x88\xe5"
	"\xb5\xb1\x67\x73\x0a\x23\xea\x8d\xc7\xe3\x9e\x62\x9f\x05\x81\x29"
	"\x6e\x61\x06\xb3\x7b\xbe\xc0\xae\x3d\xb6\x39\x7b\xc0\x34\x30\x95"
	"\x9e\x9f\x7c\x46\xa2\x54\xf4\xf3\xff\x97\x36\x6a\x41\x33\xbb\x16"
	"\x47\x16\x4e\x2d\x0b\xe8\xe1\xc7\xe7\xe7\xc7\xeb\xf7\xef\x23\x22"
	"\xb6\x05\xb1\x96\x8f\x68\x14\x8c\x4e\x60\x0c\xf9\xfd\xfa\xe5\xc7"
	"\xf3\xe5\x36\xd7\x0e\x94\x88\xee\x0f\x2a\x20\x76\x94\x54\x3b\xa9"
	"\xb5\xa6\x28\xfb\xed\x6f\x5f\x2e\x7f\x7c\xfe\xf1\xfc\xd1\x79\xc3"
	"\xdb\xa6\x51\xb0\x09\x11\xfd\x28\xba\xcb\x85\x2c\xd4\x3a\x56\xe0"
	"\x78\x2d\x3f\xc4\x7a\xf1\x72\x15\x9b\xf2\xd3\xe5\x7d\xf4\xf4\xf2"
	"\xf8\x8f\x11\xd8\x84\xbc\x83\x4a\xc5\x1f\x4f\x8f\xb5\x11\x76\x5f"
	"\x6a\x83\x53\x10\x3b\x17\x4d\x34\xf1\x6e\xf5\x53\x75\xf2\xab\x38"
	"\x33\x34\x6f\x73\x21\x5c\x77\xe3\xd6\x64\x7a\x68\x89\xac\x3d\x61"
	"\xc0\x1d\x83\xfd\x7e\xa0\x0b\x4a\x82\x0c\x80\xda\x63\x6f\x06\xc7"
	"\x25\x86\xa8\x4f\x1b\xe0\x23\x2b\x76\x55\x98\xd9\x8a\xd9\xea\x11"
	"\xef\xc5\x9f\xb7\x00\xdc\x70\x8a\x83\x09\x6d\x0b\x7d\x26\x72\xd3"
	"\x8c\xc3\x8d\xdc\xbb\xe9\xe8\xa1\x08\x68\xa7\x20\xac\xca\x24\xdc"
	"\x84\xac\x89\x8a\xa3\x7d\xca\x0a\x9b\x3b\x33\x65\x85\x60\x56\x01"
	"\x8c\x21\xec\x8d\x94\x36\x0d\x40\xeb\x2c\xb6\xe2\xe3\x2a\xde\x85"
	"\xc0\x77\xe7\x07\x6b\x7a\x18\x83\xce\x6d\x22\xce\x8a\xb9\x46\xaf"
	"\xca\xae\xe2\xae\xe0\x0e\xcf\xd3\x82\x14\x31\x16\x2b\xcb\x7b\x23"
	"\x57\xd1\xaf\x41\xa9\xdb\xfb\x29\x13\x41\x30\x0c\x82\x06\x95\x45"
	"\x18\x21\x5d\xdd\x7c\x2c\xf6\xcd\xa5\x90\xef\xec\x39\x4b\x83\x38"
	"\xc1\xaa\x39\x5c\x10\x06\xc0\x85\x5b\xfe\x5b\x6b\x40\x27\x96\x3f"
	"\x58\x30\xa2\x34\xdd\x97\x1d\x3b\x86\x1d\x39\x32\xb9\x46\x66\x39"
	"\xcb\x48\xb7\xd2\xb7\xf5\xb3\x3d\xe3\xa8\x30\x24\xf4\xf9\xfa\xf8"
	"\xa7\x0a\xe3\x09\x92\x58\x77\x1d\xe9\xac\xb9\xc0\x3d\x04\x02\x81"
	"\xda\xa7\xad\x40\xec\x78\xb0\x1f\x5a\xb9\x79\x38\x9b\xcc\xbc\x3b"
	"\x50\xde\xf4\x0e\x10\xe2\x29\xb7\x03\xa2\x01\x65\x0b\xe4\xe8\x60"
	"\xc0\x56\xc8\xb3\x63\x17\xc6\x21\x5e\x4e\x85\x84\x8f\x01\xc4\x21"
	"\xcd\x43\x5b\xc8\xa4\xee\xe6\x05\xd7\x3f\x5d\xae\xe9\xd0\x92\x73"
	"\x36\x54\x07\x4c\x33\xaf\x0b\x39\x93\x41\x48\x48\x11\x29\xbf\x3b"
	"\xe4\x74\x86\xdd\x74\xc6\x01\x17\x27\xe8\x28\xb2\xb1\x97\x44\x68"
	"\x82\x58\x76\xa8\xb6\x94\x56\xcb\xf1\x12\x11\x96\x05\x20\x8e\x5d"
	"\x88\xb0\xce\x62\x3a\xf6\x56\x4e\xc0\x72\x3c\x3f\xa3\x80\x68\x08"
	"\xa0\x72\x40\xf4\x1f\x60\x6d\x90\x80\x39\xa2\xf8\xd9\x02\xb0\xb7"
	"\xd4\x1b\xc0\x91\x43\xe4\x04\x04\x2a\x87\xd5\xdc\x9b\xa1\x80\xc8"
	"\x09\x10\x45\xa8\xbe\x5e\x0d\x36\xc3\xd1\x11\x75\x16\x43\x5d\xb5"
	"\x5a\x0d\x02\xe6\x43\x65\xac\xdc\x9d\xe9\x1c\x8d\xac\x1c\x40\xc8"
	"\x32\x0c\x40\xbb\x65\xc7\x62\xdf\x00\x77\x69\xb0\xd6\x86\x47\x7d"
	"\x97\x00\x46\x27\x69\x56\x9b\x7c\x1b\x75\x32\x97\x75\x48\x4f\x64"
	"\x5d\x5a\x8a\x6e\xe8\xde\x52\x10\x33\x71\x19\x9c\x10\xc9\x98\x92"
	"\xd8\x42\xa1\xea\x2e\x2d\x2b\xab\x54\x37\x59\xd0\x08\x48\xd3\x65"
	"\x7c\x55\x21\x20\x21\x25\x4a\x09\x00\xab\x8d\xe8\x97\x3c\x8b\x77"
	"\x46\xa7\x38\x1a\x2f\x73\x0a\x62\xbe\xcb\xc3\x3d\x1e\xee\xb5\x6e"
	"\xe5\x20\xae\xad\x9b\x1b\x59\xcf\xa3\x03\xe5\xd3\x31\x3e\x93\x9a"
	"\xcc\x1c\xb0\x5b\x77\xba\xf2\x6a\xf9\x62\x8e\x5d\xe7\x74\x7b\xc9"
	"\x09\xba\xb1\x82\x13\x76\x1b\x23\x27\xac\x61\x1e\x77\x5e\x0d\x2b"
	"\x38\x51\xfc\xee\xd2\x82\x38\x26\xdb\x2c\x64\x83\x05\x0e\x02\xb7"
	"\x77\xa1\xda\x2e\x1b\x44\xd6\x93\x74\xb8\xdc\x3b\x71\x1d\x6e\x74"
	"\x20\x15\xe2\x9c\xe5\x24\xcc\x11\xc8\x2d\x23\x27\xec\xc6\x8d\x03"
	"\xc0\xba\xef\x8a\x3c\x4c\xf6\x88\xb9\x71\xdb\xcc\x01\x50\xd3\xbb"
	"\x03\xb0\x7a\x4c\x87\x50\x75\x3b\x5d\x30\x31\xd1\x2a\x1a\x27\x15"
	"\x78\x89\xcb\x10\x95\xdc\xba\x7d\xa4\x48\x71\x80\xe2\x46\x27\xa4"
	"\x69\x9b\x13\x54\xb7\xcc\x89\x51\x8c\xe5\xce\xa6\x6e\xba\x03\x54"
	"\xaf\x5a\x53\x7f\x75\x1a\x1c\xfe\x41\x31\xd1\x70\xa1\xd0\x1c\x20"
	"\x4e\x3c\x0b\x13\xfd\x4d\xe7\x96\xd6\xc8\x76\xf5\x1b\x09\x1c\x1c"
	"\xf8\xf5\xc7\x9b\xed\xa0\x2d\xf5\xfa\x95\xa2\x82\x96\x22\x4e\x68"
	"\xeb\xce\xb1\x84\xe4\xb1\x72\x98\x6a\x04\xa8\xd5\xd3\x2b\x76\x2c"
	"\x20\x22\x00\x89\x51\x44\x9a\x46\xd5\x29\xcd\xf7\x24\xaf\x83\xe5"
	"\x76\x75\x1b\xf2\x9c\x14\xe2\x34\x45\xc6\xe3\xe5\x6c\x39\xeb\x3a"
	"\x7b\xe6\x61\x04\x1e\xec\x5b\x88\x37\xf7\xc6\xf2\x9f\x56\xd0\x7c"
	"\xda\x02\x44\x06\x2b\xdf\xd3\xe4\x5b\xbd\x22\x47\x5a\xd4\x4a\xf1"
	"\x76\x61\x37\xaf\x63\xd4\x0a\x01\x63\x89\x28\x39\xa9\x28\x94\x59"
	"\x88\x4c\x93\xa6\x24\x1a\x0f\x00\xe2\xa2\xf4\xdd\x88\x22\xb6\xbf"
	"\x2d\xb1\xb6\x92\x85\xd5\x86\x93\x84\xd1\x3a\x3d\x9b\xbd\x10\xef"
	"\x4a\x44\x07\x44\x5d\xe7\x38\x00\x13\x7f\x5c\xc5\x22\x4b\x7b\x7f"
	"\xd4\x0a\x2e\x18\xbd\xae\x0e\xe6\xf2\x4a\x1e\x59\x48\x46\xe1\xd2"
	"\x80\xf6\xb5\x33\x8e\xb1\x69\x03\x7e\x8b\x2a\x4d\xe3\x6a\x13\xb1"
	"\x33\x54\xdd\x28\xbc\xc9\xa2\x08\xa5\xbc\x23\xe9\xba\xd0\xa3\x89"
	"\x86\xa1\x98\x78\xa5\x1e\x29\x58\x25\xdd\x1e\xa7\xe5\xa4\xda\xc2"
	"\x7b\xc4\xd3\xe3\x48\x12\x47\xd9\xe7\xaf\x17\x69\x1b\xd2\xf7\x9d"
	"\xa7\xbe\x86\x77\xf6\x6d\x41\xd6\x5d\x33\x6b\x93\x52\x45\x19\x61"
	"\xfa\x5d\xb4\x05\x50\x71\x16\x6d\xcc\x0e\xc4\x3f\x11\xc3\x7d\x5c"
	"\xd8\x9c\x33\xf4\x90\x1b\xa2\x9b\x60\x5b\x01\xff\xcb\xd2\xe5\x27"
	"\x62\x25\x39\xb2\xaa\x88\xd6\x8e\x5a\x1c\x3b\x97\x44\xe9\x46\x25"
	"\x9b\x3d\xa5\x54\x76\x3a\x6c\xcc\x15\x48\x63\x6d\x48\xab\x8e\x13"
	"\x74\x4a\x4b\xfa\x1d\x8d\x10\xd5\x95\xaa\x32\xb8\x2e\x50\x9b\x1b"
	"\xe4\x24\x7d\x27\x95\xba\x3a\x5f\x97\x79\x23\xf2\xe9\x41\xb0\x7f"
	"\x96\x69\x46\xf9\x75\xbb\x74\xb5\x84\x4e\x22\x58\x08\xd1\xbd\xe5"
	"\x13\x28\x92\xf7\x66\x88\xe2\xc5\xfe\x93\xd4\xf7\xeb\xc7\xe5\xf5"
	"\xed\xfa\x68\xd5\xa6\x63\xe0\xa6\x1c\x2c\x29\xfa\x1f\xbe\x7e\x7f"
	"\xff\xda\xdf\x30\xc4\x2c\xe2\x9d\x0a\xc9\x3f\xa5\x7e\x86\x99\xa6"
	"\x66\xad\xf4\xe9\x96\x90\x22\x3c\x6a\xbc\xdd\x83\xe4\x99\x6d\x9b"
	"\xeb\xc1\xb8\x7a\x3d\x42\xc9\x99\x66\xf4\xd2\x27\x87\xce\x4a\xac"
	"\xb7\x98\x8f\xd7\x0e\x94\xc7\x81\x03\xa2\xd4\x66\x50\x49\x53\x80"
	"\xcc\x0c\xd4\x43\x9b\x18\x80\x5f\xf8\xcf\xf7\x8f\xcb\xf7\x51\xfa"
	"\x32\xa2\xdf\x9e\x5e\xff\x7e\xbb\x25\x0f\x0c\xf5\x80\xef\x70\x9f"
	"\xfe\x28\x23\x13\x1b\x9a\x03\xeb\xb7\xeb\xe7\x2f\x8f\xd7\xef\x06"
	"\xad\x13\x91\x9e\x56\xeb\x9c\xc6\x82\x65\xfb\xf6\x6d\xff\x88\xcf"
	"\xb6\x3c\xdb\xbb\x7c\x9d\xa6\x5d\x34\x89\x8d\x08\x02\xc7\x6b\xfa"
	"\x91\x62\xda\xe7\xb9\x90\xcc\x9a\x47\xb9\x28\x8c\xbb\xde\x17\x94"
	"\x4d\x66\x56\x72\x35\x75\x0c\x42\x5e\x26\xd5\xa1\x64\x25\x83\xc7"
	"\x2a\x0b\xb3\x6f\xf9\x3a\xc4\xaf\xbd\x8a\x0a\x62\xd8\x77\x05\x95"
	"\xd6\x80\xca\x48\x52\x87\xdd\x86\x62\x28\x3c\x36\x87\xd3\x9e\xe5"
	"\x95\x81\x93\xc7\xa9\x21\x50\x73\xb6\x18\xc0\x49\xb9\x72\x30\xaf"
	"\xe6\xd4\x30\x00\x04\x6a\x45\x0c\x7f\xec\x3d\x00\x38\x0d\xd1\xdc"
	"\xe3\x4b\xd2\x21\x0e\xab\x1d\x8b\x32\xcd\x26\xb4\xa5\xc8\xd7\x00"
	"\x4b\x7a\xb0\xa1\x96\x54\x19\xb7\x45\x48\xb5\x51\x44\x32\xed\xdd"
	"\x46\x75\x9f\xfe\x22\x0c\xf3\x84\x20\x6f\x62\xcd\x0c\x34\xd7\x0b"
	"\xfd\x88\xeb\xa0\x45\xbe\x49\xd6\x72\xd6\x7d\x43\x35\x69\xe2\x97"
	"\x8c\xa1\xdc\xa6\xb8\x5b\xbe\x05\x48\x13\xef\xfe\xd1\x52\xac\xff"
	"\x79\x55\x26\x88\x7b\x46\x99\xcb\x89\x14\x74\x17\xa4\x5b\xcd\x4a"
	"\x5c\x52\xd4\x03\xf0\x09\x68\xeb\xb0\x00\xbf\xcb\xca\x16\xb1\x57"
	"\x51\x09\x09\xb3\xb0\x62\x09\xec\xbe\x68\x1b\x61\xb2\xc2\xa4\xea"
	"\x8f\x43\xe6\xf7\x1f\x4a\x38\xe6\xc3\x4d\x95\x49\x13\xf0\xf7\x5a"
	"\xe4\xb6\x37\x14\xf9\x2a\x97\xad\xb9\x2e\x6f\xd5\xaa\x5d\xa0\x93"
	"\x07\x76\xca\x76\x62\x92\x16\xf0\x3c\x65\x52\xcb\x75\xfd\x38\x9f"
	"\x8b\x1d\x90\xe4\xc6\x93\x50\x16\x46\x06\xfe\x81\xc3\x31\xea\x20"
	"\x03\xea\xc6\x71\x0f\x5d\x71\x9e\x77\x42\x8f\x69\x03\x07\xe4\x58"
	"\xb4\xed\x10\xf0\x6c\x7e\xb4\x06\xec\x65\x45\x99\xc9\x2c\x64\x6d"
	"\xa5\x24\x9e\x96\x45\xa7\xb9\x40\xab\xeb\xa0\x41\x7e\x83\x07\x8a"
	"\xb1\x86\x92\x2d\x73\xa1\x5a\xfb\xd3\x5e\x81\x7a\xb3\xe0\x65\xbe"
	"\xbf\x66\xb6\x94\x42\x3d\xb0\xe5\x7b\xcc\xab\x0e\x9c\xb8\xd3\x9c"
	"\x55\xe0\xee\xa2\x52\xca\x13\xf8\xf0\x07\x56\x83\xd4\x86\x64\x99"
	"\x0e\xdb\x88\x04\xa1\x34\x4f\x1f\xca\x5f\x47\xb3\x3c\x43\xce\xda"
	"\x67\xf9\x4e\x8c\x9d\x0c\x94\x53\x11\xd1\x59\x0f\x15\x17\x5b\x11"
	"\x62\xdd\xac\x18\x9d\xd1\x52\xb4\x5b\x79\x1c\x32\xeb\xad\xe4\x24"
	"\x70\x51\x65\x93\x62\x61\x12\x68\xb2\xb3\x9c\x15\xe8\x0b\xac\xa4"
	"\x0a\xa6\xd4\xee\x7b\x21\x0d\x06\xc7\xd4\xf2\xd0\x1e\x2d\xcb\xc0"
	"\x98\xb3\x71\x98\x84\xfa\xee\xd9\xa4\x48\xcf\x45\x0c\x62\x3f\x31"
	"\x0e\x9c\xa4\x7d\x06\xf2\x2a\xa7\x44\xf7\x11\xd5\x52\x6e\x02\xcd"
	"\xce\xdc\xae\xc5\x2c\x02\x6b\xab\x60\x6d\x10\x18\xc9\xa3\x87\x2a"
	"\x17\xb4\xd4\x98\x66\x20\x92\xc9\x47\x56\x73\x19\xc8\x68\x17\xda"
	"\x1e\xd0\xb4\xb3\x17\xa4\xd6\x33\x3e\xeb\x82\x39\x63\x30\xe4\x55"
	"\x98\x1f\xec\xa9\xb5\x93\x5d\x53\x6f\x00\xa4\x3c\x5b\x5a\x95\xed"
	"\x0b\x73\xc8\x7f\x2f\xc8\xf6\xb8\xc4\x86\x02\x58\xa1\x5f\x88\x6a"
	"\x84\x9a\x7e\x10\x53\xcc\xb8\x74\x17\x4b\x89\x5d\x30\xe1\x31\x0d"
	"\x93\x63\xba\x67\xfa\x07\xd2\x45\x5d\xdf\xf5\x82\xdc\x20\x8f\x32"
	"\x19\x79\x15\xc8\x7a\x1b\xaa\xa8\x15\xea\xa3\x4e\x9e\x82\xd7\x05"
	"\x68\xd3\xe8\x0f\x82\xb0\xb4\xc3\x5a\xc0\x50\x5b\x8a\x0d\x27\xd3"
	"\xe9\x72\x0c\x66\x78\x7a\xd5\x41\xf7\xa8\x5d\x86\xac\xe9\xd5\x26"
	"\xcc\xc5\xf1\x70\x5d\xd2\xbd\x90\x24\xc0\x95\xff\x18\x01\x2a\x48"
	"\xc5\x77\xe1\x46\x2c\x8a\x6e\x10\x85\x48\x64\xbf\x79\x63\x7d\xdb"
	"\xe0\x19\x03\x1b\xc1\x7e\xb1\xd0\x66\xf5\xdf\x7f\xdd\x5c\x0c\x29"
	"\xfd\x7b\xb9\x6d\xd4\xfb\x91\xd9\x9b\x3b\x24\x64\x84\x1c\x99\x6d"
	"\x84\x6a\x4f\xd0\x22\xd2\x0e\x20\x4d\xe2\x90\xcd\xc9\x6e\xcb\xa3"
	"\xaa\xa0\xb0\x51\x84\xdb\x84\x44\xd8\xb0\x0b\x41\x2e\xcd\x63\xf0"
	"\x4c\xde\x61\x30\xb0\xb8\x81\xec\x37\xbc\xa7\xb4\xad\x58\x79\xc7"
	"\x58\x2d\x33\xc8\xd6\x83\xca\xb5\x58\x95\xc3\x9e\x44\x28\x05\x84"
	"\x8a\x47\x8c\x65\x36\xf9\x41\xb2\x77\xde\x17\xa0\xe8\x59\xcc\x4a"
	"\x46\x50\xd1\x07\xde\xe7\x82\x20\x17\x65\x73\xde\xe8\x6a\x5b\xe8"
	"\x92\x19\xe5\xf2\xd3\x3f\x0d\x10\x28\x5a\x90\xc0\x14\xeb\x88\xc5"
	"\xdd\x92\x7b\xa0\xb4\x2e\x42\xfc\xe3\x4b\x00\x7a\x04\x54\xd4\x9c"
	"\xe3\x23\xdf\x48\x14\xeb\x2d\xba\xc7\xa4\xe0\x8c\x60\x93\xea\x4b"
	"\x46\xad\x59\x66\x06\xa9\xea\x90\x8a\x4f\x46\x9f\xec\x1e\x94\xb6"
	"\x4b\x8f\xa3\x18\x18\x1a\xb4\x0e\xf9\x8e\x98\x23\xad\x5a\x6e\xc3"
	"\x22\x55\xf0\x32\x39\x0b\xe6\xcf\x11\x47\xa2\x32\xc6\xad\xed\xf8"
	"\x95\x81\xc0\x7b\xdc\xe4\xec\xd0\x5c\x94\xd5\x7f\x8e\xb6\x57\x71"
	"\x6c\x7c\xb9\x76\x4f\x8e\x35\xa9\xda\xa6\xc7\x26\xda\x6d\x9a\x04"
	"\x0c\x46\xb8\x63\x46\xd7\x01\x59\xd9\x5b\x03\xc0\x31\x83\x93\x23"
	"\x42\x06\xef\x39\x3c\x23\xe8\xd7\x84\xf3\x10\xfb\x56\x1c\x54\xeb"
	"\x66\x69\xbb\x65\x08\xde\x0f\x4f\xda\xb0\xc9\x1b\x56\x16\x47\x04"
	"\xe2\xfd\x18\x53\x88\x42\xc0\xa1\x53\xff\xac\x15\x4f\x63\x33\xbd"
	"\x5b\xb8\x2a\xeb\x34\x08\xa1\x84\xee\x58\x8b\xea\xbc\x4a\x75\x3a"
	"\x3a\x0b\x24\xf7\xd8\xec\x25\x3b\x30\xd5\x00\x73\x10\x03\xf3\xf0"
	"\xdf\xab\x01\x09\x04\x07\xea\xfc\xda\xc3\x6c\xb3\x52\xb4\xc5\xda"
	"\x92\x9a\x0d\x34\xff\xa2\x4a\x9a\xac\x01\xe2\xe7\xfa\x64\x6b\x1b"
	"\xb4\x6b\xa0\x4d\xb0\x3e\x45\x9a\xf2\xda\x8d\x5d\xd5\x56\x6b\x73"
	"\x03\x73\x2e\xe8\xcd\xe4\x86\xfd\xf5\xf1\x78\x7d\x69\xc2\x35\x59"
	"\xdc\x38\x2a\xb8\xe8\x06\x5a\xfd\x4e\xa8\x5d\xd1\xaa\xc6\xa0\xfe"
	"\x88\x6a\x3a\x04\xc4\x9a\x20\x71\x7d\x6a\x48\x6d\x96\x29\xf6\xa9"
	"\x38\xe4\xd4\x85\xcc\x8b\xe5\x6a\x31\x21\x2e\x08\x8f\x67\xb3\xb1"
	"\x8f\x76\x41\x1b\x2c\x40\xdb\x0b\xe5\xd9\xd7\x26\xe3\xea\x38\xf1"
	"\xa7\xcb\x95\x27\x90\x1b\x57\xaf\x28\xa0\xf6\x71\x84\xd2\xf9\xc9"
	"\xb5\xe0\xd5\x08\x4b\x26\x83\x16\x37\xe7\x68\x32\x9d\xa1\x61\xda"
	"\x1b\x3a\xa6\x86\xbc\x8e\x89\x87\x98\xbe\x08\x92\xef\x63\x24\x0a"
	"\x57\x4a\xf0\x40\x65\x7f\x64\x0c\x08\xe6\xe0\x3d\x20\x13\xc4\x4f"
	"\x40\x20\xce\x7d\x01\xa2\x66\xa7\x68\x2b\x9c\x86\x68\x4c\xcb\x7e"
	"\x55\x2f\x69\x51\x35\x21\xe7\xd0\x3e\x80\xfb\x33\x0f\x56\x08\x85"
	"\xfe\xbe\xf7\xc6\x9e\xfd\xce\x3e\xa6\x13\x7f\x82\xb9\xad\x24\x8b"
	"\xe9\x0c\x1f\x98\x86\x8e\x3b\xf6\x24\x0b\x54\xe7\x28\x26\xcb\x29"
	"\x62\xb6\x23\x68\xab\xd9\xcc\x73\xd0\x90\xa6\x9c\xe9\x74\x8c\x69"
	"\x9e\x9c\xa9\x10\x80\xed\x34\x71\x4e\x9b\x8c\x11\x6b\x10\x5e\xec"
	"\x97\x13\xcf\x47\x69\x6b\x32\xfb\x3f\xd9\x73\xf9\x73\xd4\x32\xcb"
	"\x5f\x79\x38\x09\xb3\xa8\x59\x4c\x17\xb8\x81\x18\x5e\xd6\x02\x2f"
	"\x6b\xb1\x9a\xa0\x66\x65\xcb\x05\x46\x5a\xf9\xe8\x57\x2b\xc4\xd3"
	"\x20\x95\xd6\x06\x1e\x2c\xed\xf6\x55\x34\x39\xb2\x28\xcd\x58\x7d"
	"\xa7\x91\x62\xb1\x65\x97\x53\xc4\x8f\xc5\xee\xbc\x40\xe6\x6d\x98"
	"\x10\xff\x7c\x46\x4b\x8e\x0a\xea\x4f\x17\x1e\x4e\xc3\x5c\x48\x02"
	"\x0d\x89\xa4\x21\x36\x1f\x0f\x73\xdf\x03\x34\xcf\xc3\x9c\xd1\x4a"
	"\xe2\x12\xa5\x4d\x10\x7f\x4a\x82\xb6\x9a\x23\xed\x8f\x69\x36\xf1"
	"\x11\xa7\x59\x40\xfb\x1f\xd2\xae\xac\xb9\x6d\x5c\x59\xff\x15\x57"
	"\x9e\xce\xa9\x3a\x99\x68\xb7\xfc\xe0\x07\x88\xa4\x44\x46\xdc\x4c"
	"\x80\x5a\xfc\xa2\x72\x6c\x4d\xa2\x9a\x78\xb9\x92\x7c\x26\x99\x5f"
	"\x7f\xbb\x01\x52\x22\x01\x34\xe4\x5b\xb7\x6a\x26\x89\xd0\x4d\xec"
	"\x4b\xa3\xd1\xfd\xf5\x80\x80\x8c\x4a\x59\x79\x3d\xb6\x1e\x69\xf2"
	"\xe0\x5c\xe0\x29\x7d\x12\xba\x75\xac\x03\x38\x54\x23\xaa\xc7\xcf"
	"\x2c\x0b\x8d\xc5\x60\x00\xfa\xd0\xc8\x5d\x38\x33\x2e\x0a\x8a\x2c"
	"\x64\x7e\x9d\x71\xd7\x4d\x26\x6c\x86\x6b\xf2\x80\x77\x08\x4c\x56"
	"\xc5\xd1\xed\x75\xfb\x63\x17\xbd\x33\xe6\xdd\x4e\xcf\x99\xc3\x98"
	"\x77\x86\x4e\x8e\x51\x97\x8f\x88\x28\x66\x92\x03\x4a\x20\x4c\x63"
	"\x15\xf9\xfa\x86\x30\x60\x53\xe4\xf1\x68\x4c\x36\x41\xc4\xde\x60"
	"\x38\xb0\xf7\xc0\x62\x3a\xea\x76\xf4\x95\x56\x3d\xba\xbd\xfd\xdc"
	"\xfd\xb9\x33\xf6\xc8\x71\x7f\x64\xf1\x1e\xfd\xb1\x7d\x96\x71\x9c"
	"\xb8\xc5\xc9\x52\xc4\x8c\x6f\xf2\xb0\x42\x2f\x21\x36\x1b\x3e\xa6"
	"\x36\x03\x76\x47\x5e\xdb\x16\xf7\xe3\xf6\xee\xa5\x30\x55\x76\x4f"
	"\x35\xa6\x0a\xfa\x1c\x2b\x7f\x82\xfa\x71\x8f\xf3\xbc\x26\x9e\x08"
	"\xed\xc3\x1d\x6e\xd6\xaa\xa6\x5a\x7c\xe0\xca\x39\xe1\xfd\xe5\xd8"
	"\x78\x2b\xac\xdd\x4c\xe1\x70\x79\x50\xc7\x0c\x75\xb6\x0c\x3b\x23"
	"\xca\x27\x73\xd8\x1f\x75\x48\x12\xe9\x46\x3c\x1c\xf4\xba\x24\x69"
	"\x30\xa2\x49\x94\x8b\xe7\x70\x78\xd3\x2b\x68\x5a\x9f\xa6\x75\xc8"
	"\x96\x8d\x7a\x83\x82\x94\x48\x70\x43\x1e\x91\x6e\xbd\xc3\xd1\x98"
	"\x6c\xc4\x35\x21\x3b\x20\x69\xd4\xa5\x49\x64\x3d\x1d\x27\x6e\x9f"
	"\x74\x2f\x1f\x8f\x09\xbf\x74\x3f\xcf\x04\x02\x1a\xdb\x77\xf0\x51"
	"\xaf\x4f\x34\x1a\x0e\x85\x61\x97\x3c\x84\x86\xe3\x1e\x79\x5e\x0c"
	"\xae\x09\x3f\x11\xa4\xdd\x10\xe7\x85\x5a\xfc\x5a\x3d\x4f\xbe\xfa"
	"\x4f\xef\xcf\xcf\xbf\xab\xf7\xef\x7a\xba\x4f\xf7\xdb\xff\x79\xdf"
	"\xbe\x3c\xfe\x3e\xb9\x69\xff\x83\x2e\xb8\xbe\xcf\xbf\xe4\x71\x5c"
	"\x73\x29\x0b\x3c\x69\x32\xf4\x70\x7c\xdd\x7f\xf1\x77\x87\xe3\x7e"
	"\xf7\xed\x1d\xdd\xd2\x35\xaf\x6e\x0d\xb7\x50\xe1\x3c\xfc\x78\x38"
	"\x6c\x3f\xc7\x90\xc7\xf6\xe9\x2a\x7e\x7d\x7d\xbb\xfa\x17\x64\xfe"
	"\xef\xab\x3f\x4f\x85\x1f\x1a\x85\xb7\x33\x9c\x82\xb4\xd1\xf9\x7f"
	"\x39\x83\x93\xeb\x0d\xa9\x14\xda\x60\x4d\x1d\xb9\xa0\x06\xc8\x45"
	"\xbe\x2a\xf8\x60\x48\xdd\x8b\x66\x5d\x4a\x66\xcf\xcb\x7e\x67\xd8"
	"\x21\xef\x03\xd5\x4d\x65\xb6\x2e\x32\xc7\x45\x25\x12\xb3\xbe\xe6"
	"\x7b\xad\x36\xd1\xed\xc3\xcf\xe3\x8f\xc6\x7e\x5e\xa7\xee\x8f\x57"
	"\xc5\xc3\x71\x7b\x95\xbc\xbe\xec\x8e\x7a\x17\x4e\x83\xc1\x80\x5a"
	"\x2e\x92\x36\xa0\x26\x77\xbf\xe3\x90\xb0\x90\x68\x82\xcd\x85\xef"
	"\xcf\xbb\xa7\xdd\xf1\xb7\x75\x30\x93\x5e\x9f\x38\x4f\xfd\x50\x10"
	"\x47\x4d\x88\x67\x3d\x21\x77\x85\x82\xf7\x88\xe5\x17\x8a\x92\xa0"
	"\xf0\xe8\x9a\xba\x01\x21\xa9\x67\x76\x7b\x04\x6b\xe6\x88\xe0\xdb"
	"\xcf\xdb\x87\xc3\xfb\x7e\xfb\x8c\x70\x1f\xef\xd0\xd3\x96\xa9\x3a"
	"\xe8\xb8\x26\xe3\x80\xbc\x84\x47\x30\xa3\xc8\x59\x53\x91\xa9\x2d"
	"\x7b\x9e\xac\x46\x94\xd0\xbe\xc0\x29\x39\x72\x4e\xc9\x06\x0f\x55"
	"\x42\xc5\x23\xa7\xef\x85\x7c\xd4\x14\xa7\xf2\x51\xd3\x3f\xe6\xc9"
	"\xc8\xe7\x2b\xe7\x5d\x9e\x27\xfd\x7e\x27\x0e\xc3\x8f\x83\x37\x30"
	"\xff\xab\xbf\xe1\x94\xde\x81\xc5\xb0\xc1\x13\xd0\xa5\x2c\xf7\xf9"
	"\x0d\x15\xd9\x42\x12\x29\x07\xa8\x49\xd8\xa5\xd0\x0c\x90\x44\x0c"
	"\xb7\x97\xf4\x7b\x5d\x02\xff\x12\x69\x94\xbf\x1d\x74\x09\x71\x67"
	"\x04\xd2\x88\xf2\x3a\x01\xd2\x88\x50\x15\xcc\xf2\x1e\xcb\x61\xca"
	"\xb3\x4e\xc7\x8e\x85\xa5\x84\x2e\x44\xb7\x8f\x7b\x37\x1d\xe2\x4a"
	"\xd5\x66\x22\x42\x4d\x48\x62\x97\x38\x10\xbf\x72\x06\x02\x3f\x01"
	"\x78\x98\x17\x1d\x32\x7e\x83\x28\xa8\xd0\x0b\xb0\x43\xc1\xd6\x46"
	"\x8c\x69\x96\x0b\x18\x6e\xfb\x87\x39\x54\xa5\xd7\x21\xc9\x3c\xea"
	"\x76\x07\x43\x4a\xd9\xd1\xef\x13\x2a\x2a\xe1\xf1\xfe\x80\xf0\x54"
	"\x95\x34\x02\xba\xb8\xee\x5b\x44\x26\xa1\x60\x80\x25\x6d\x4c\xd2"
	"\x06\xc3\x3e\x15\x43\x6c\xd8\x1d\xf7\xec\x86\x84\x0b\x2f\x8d\xc9"
	"\xee\x5b\x04\x49\x3c\xea\x10\x2e\xb5\x8b\x78\xd4\xb5\xa0\xe2\x24"
	"\x0f\xdf\x5f\xb6\x47\xa5\xdb\xb4\xae\xde\x39\xe9\x22\x28\x49\x84"
	"\x6c\x39\xef\xdc\xdc\x10\x2b\xbe\x52\x5f\x26\x6c\x96\x3a\x76\xd6"
	"\x33\x0f\xa9\xa3\x63\xb3\x7e\x97\x0e\xbd\xd3\x1f\x6a\x78\x45\xfa"
	"\x56\x26\x33\xa7\x0f\xfb\x7a\x84\xc3\xc4\x1b\x8e\x07\x7d\xb2\xaa"
	"\x3a\x9f\x56\x5d\xd5\xc9\xef\x3f\x8f\xbb\xb7\x9f\xdb\x5f\x9a\x0c"
	"\x86\x35\xd1\x1e\x1c\xab\x93\xed\xf1\xe7\xee\xc5\x18\x94\x96\x7c"
	"\xf6\xf6\x7a\x84\xf3\x6e\x67\xd1\x4a\xc3\xfd\x78\xdc\x21\x35\x29"
	"\xc3\xc1\xb8\xeb\xa0\x5d\x93\x92\x71\xb7\x4f\x4b\xd4\xd4\x54\x16"
	"\x79\x6c\x15\x47\xf4\x46\x1c\x8e\x0f\xed\x53\x3b\x4e\xf2\x9b\x6e"
	"\xc7\x22\x6b\xe5\xfb\xed\x01\x0f\x7b\xeb\x5c\x9d\xe4\x9d\x51\x27"
	"\x99\x11\x53\x2a\xa7\xb4\xe2\x61\x4e\x75\x57\x1e\x77\xbb\x0e\x2d"
	"\xb2\x22\x93\x13\x34\x8f\x61\x82\x52\xee\x84\x43\x52\xa3\x05\xa4"
	"\xfe\xb5\x6b\xe6\xca\x40\xea\xf6\xfe\x1e\x52\x22\x65\x98\xf7\x3a"
	"\x23\x7b\x33\xee\x73\x06\x47\xdb\xc8\x7e\xa2\xbf\x20\xa0\x92\xad"
	"\xaf\x79\xff\xa6\xad\xac\xac\x71\xe7\x7e\xed\x9e\x51\xd0\x44\x78"
	"\x93\xa7\xdd\x41\xa1\x64\x59\x32\x88\x23\x9f\x15\xf0\xa7\x08\x28"
	"\xd8\x51\x5e\x4c\x09\x19\x98\xaf\x6e\x86\x94\xd6\x1b\x3e\x1a\x13"
	"\xdb\xaa\x84\x96\x40\x43\xe3\xb5\x89\x90\xb4\x7d\x7e\xc3\x1b\x18"
	"\x31\xb3\x60\x6d\x44\x18\xa3\x2b\x28\x92\xcc\xcb\xca\x9c\xc0\x50"
	"\x48\xe2\xd5\x4d\x67\x44\x1d\x27\x49\xde\x21\x1e\x58\x24\xe9\x9a"
	"\x38\x28\xd6\x9c\x38\xf2\x24\x89\x38\x27\x52\x61\x37\x45\x58\xa0"
	"\x01\x40\x69\x33\x54\xcb\x97\x49\x33\xfa\x5f\x62\x86\xe9\xc0\x44"
	"\x74\xc5\x9a\x0a\x02\x93\x66\x99\xa8\x98\x48\x84\x4e\x19\xe9\x77"
	"\x9a\x05\x45\x93\x24\xa2\x4d\x9c\xeb\x06\x1e\xf3\x19\x8f\x75\x9b"
	"\x0f\xf5\x8e\x5c\x47\x63\x99\xa1\x2d\x79\x9a\x15\xb7\x9f\x9e\x0f"
	"\xcf\x9f\x1f\x9e\xf6\xdb\x97\xd7\xcf\xc7\x7f\x3e\x19\xd9\x18\xae"
	"\x23\xc5\x9d\x17\x46\x79\xfb\x75\x7e\x16\x79\x46\x82\x34\x97\x4b"
	"\x8b\xdb\xae\x9e\xbe\xe8\x25\x26\xf3\xa2\x6f\x4b\x83\xcb\x23\xb7"
	"\xa6\x33\x4f\x6f\x1f\x0f\xb3\x65\x15\x27\xb1\x6d\xc4\x96\xb3\x42"
	"\x44\x68\x7b\x83\xd6\x0e\x5e\x5e\xb6\xcd\x41\x72\xdf\x33\x12\x2c"
	"\xfe\xda\x67\x0a\xe9\xe7\x7b\x62\x71\xba\xbc\x9e\xb9\x9c\x6e\xaa"
	"\x35\x1b\xed\x13\x89\x1c\x09\x65\xd3\x5d\x7d\x8d\xae\x13\x84\xeb"
	"\x96\xac\x03\x62\xa6\xa0\xdd\xaf\x02\x79\x69\x22\xd6\x78\x73\x62"
	"\xc2\x03\xbb\xb4\x09\x4b\x45\x91\x55\xa0\x61\x0d\x53\x19\xa4\x31"
	"\x11\x5e\x13\xa0\xe1\x92\x3e\x09\x8a\x38\x4a\x1d\x0c\x51\xb2\xba"
	"\x76\x90\x63\x96\x8a\xe8\xce\xc5\x90\x7b\xdd\x31\x11\x21\x4b\x71"
	"\x24\x01\xcf\x5c\x35\xc8\x23\x2e\x18\xcc\xf2\xcc\xc1\xc3\x33\x0f"
	"\x61\xbb\x5c\x1c\x22\xa1\x90\xf0\x15\x1d\x4d\x82\x1c\x74\x65\xa9"
	"\xe9\x39\x6b\x8a\xf8\xcf\xae\x2c\x82\x59\xc1\x36\x93\x3c\xb1\xdb"
	"\xfa\x4e\x13\x53\x31\x97\x87\xeb\x2b\xfe\xfe\xed\x20\x3d\x67\xce"
	"\x76\x29\x95\x4d\xf7\x46\x0b\xc3\x0a\x3f\x1d\xe1\x78\xd0\x8b\x70"
	"\x9e\xa5\x0c\x2d\x1d\x7a\xc8\x6b\xdf\xe1\x20\x8f\x7c\xc5\x36\xbd"
	"\x71\xea\x88\x5b\xde\xe2\xc2\xfc\x48\x2e\x0f\xb6\xd3\x9c\x84\x1c"
	"\x45\x8e\xca\x2f\xf2\x6e\xdc\x19\x0d\x60\x15\x08\xe6\xe6\x8c\x24"
	"\xe7\xea\x03\x9c\x88\x65\xd5\x73\xb3\xdc\x11\x63\x71\x66\xd0\x1b"
	"\xa7\x33\x94\xda\x01\x83\x26\x5a\x1e\x81\x77\x97\x78\xe6\x0b\x43"
	"\xbe\xdd\x63\x04\x05\x29\x62\x3c\x2b\x1d\x5b\x03\x67\xb8\xb1\xd7"
	"\xe6\xa6\x37\xa0\xcf\x4b\x4c\x76\x3b\xbf\x34\x8f\x8b\x82\xf1\xda"
	"\xd4\xc7\x84\x2e\x54\x30\x83\x26\xee\xe0\x24\xc2\xa8\x55\x95\xd3"
	"\xaa\x95\xd6\x0c\x5f\xa4\x7d\x55\x23\xd4\x7f\xfa\xb6\xc3\x50\x62"
	"\xff\xf9\xf1\x77\xf5\x8f\xff\xbe\x3c\xa9\x7f\x7d\x32\xb1\x12\xcf"
	"\x25\xba\x7d\x19\xe3\x68\x92\x2e\xfc\x28\xb1\x5a\x46\xb1\x86\x1f"
	"\x6c\x1d\x90\xa9\xfd\x10\x79\x37\x05\x61\xca\xf6\xad\x64\x57\xef"
	"\x9b\xdc\x6f\x3a\x7b\xc3\x26\xd2\xc2\x5c\x13\x09\xfa\xc5\x24\x6b"
	"\xe2\xce\x8e\x06\x91\x25\x7a\xb7\x40\x0a\xcf\x48\xb0\xc2\x13\x9b"
	"\x3b\x7a\x9c\x42\xc0\x17\x76\xc4\x3a\x7d\xf7\x53\xea\x7b\x1e\xd9"
	"\x30\xab\xa7\xdc\xbe\xd1\x89\x20\xb0\xba\x81\xa8\xcb\x21\xe7\xcd"
	"\x58\x68\x3c\xd3\x7e\xb5\x8d\xda\x64\x8a\x89\x2e\x5d\x31\xda\xfd"
	"\x06\x24\x11\xf1\x4e\x06\xbf\xb4\x8c\x24\x08\x4a\xb1\xb0\xa5\x4e"
	"\xd0\x32\xa1\x85\x7e\x5c\x27\x4b\xab\xb7\xd4\x8c\x7f\x30\xdd\xed"
	"\x9f\xff\x7e\xd8\x6f\x4d\x6b\x3f\xb9\xca\x38\x86\xe0\x5d\xea\x2b"
	"\x4d\x26\x7b\x61\xe0\x51\x7e\x25\xd2\x5d\xd6\xcb\xa3\x13\xa0\xb3"
	"\x7d\x94\xa2\x22\x59\xa2\xed\x35\xcc\xaf\x84\xd8\x24\xa6\xcb\x8d"
	"\x37\x9d\x29\xd1\xd5\xe1\xc7\xb5\x91\x51\xe2\x9a\x78\x6b\xca\x63"
	"\xd7\x6b\x3b\xfa\xcd\xb2\x6c\x86\x9e\xca\x55\xc1\x44\xd4\x59\x2e"
	"\xed\xe3\x2c\x37\x8a\xef\xfb\x87\xab\x3f\xeb\x0e\x3b\xbd\x0d\x35"
	"\x6c\x82\xc5\x7d\xe5\x07\xd0\x88\xc4\x67\xd1\x1e\x4c\x77\x88\xae"
	"\x2a\x4f\xb1\xa6\x79\xa5\x32\xe8\x5c\x66\x85\x5f\x61\x15\xb4\x26"
	"\xcb\x4a\xf4\x36\x84\xc1\x1c\xd0\xfa\x1b\x6b\xff\x00\x65\xb0\x69"
	"\x6e\x48\x32\xa1\xe4\x01\x3a\x9a\xc9\x3c\x35\xd2\x14\xee\x54\x19"
	"\x8f\x56\x6d\x29\xb6\x26\x49\xaf\x19\xb8\x6d\x69\x94\x20\x95\x96"
	"\xcb\x1a\xba\x6a\xfd\xd1\x99\x4a\x55\x7e\x40\xae\x82\xaf\x13\xbf"
	"\xe5\x55\x84\xbf\x49\x66\x28\x2b\x99\xc8\x4e\x6c\x4b\x7e\x11\xc7"
	"\x4d\x99\xea\xbc\xaf\x34\x69\x45\x93\x66\x53\x4e\x0e\x07\x48\x5f"
	"\x34\x71\x22\x1c\x75\x49\xa3\xd8\xfc\xb4\x6e\x5d\x4f\x7e\xd7\x00"
	"\xd1\xc0\x04\x34\xcd\x37\x53\xe1\xbf\x15\x13\xa2\x30\x93\x2d\x83"
	"\x5b\x93\x1a\x83\x7b\x5e\x7e\x48\x93\x2b\xdd\x59\x29\x62\x06\x28"
	"\xaa\xbc\xd3\x45\xe9\x57\xe5\x65\x60\x5f\xe5\x55\x36\xb0\x9a\xa5"
	"\x2a\x84\xe4\xc3\x48\xb9\x2b\xfb\xd0\x5b\xa7\x2d\xa2\x38\x68\xa1"
	"\x29\xab\xb4\xca\x6a\x3e\xcb\xad\xcd\x8a\x62\xe9\xb2\xd8\x76\xc7"
	"\x47\x5b\x75\xf4\x4f\x5b\x13\x74\xbd\x1f\x6c\xc9\x1b\x16\xcf\x38"
	"\x45\x8b\x52\xf4\xa9\x56\x6e\x00\x2d\x1e\xb8\x0f\xeb\x03\x53\x27"
	"\xba\x56\x43\xc5\x31\x29\xa3\x58\x44\xa9\xf2\x26\x11\x65\x11\xb4"
	"\x2a\xa0\x1c\xe6\x1a\xd6\xd9\x7a\x42\x54\xb9\xd4\xa1\x41\x7d\xab"
	"\x0a\x4c\x11\x6c\xdb\x72\x99\x89\x06\x7e\x83\xfc\x89\x21\x34\xa4"
	"\xf7\x15\x9e\xdc\xc5\xb4\x65\x98\x9f\x17\x90\x58\xb1\xc1\xc6\x9c"
	"\x6a\x10\xfe\x8a\x40\x35\x54\x51\x45\x11\xb4\x96\xfd\xdd\x34\x11"
	"\x9b\x45\xd7\xc6\x2f\x29\x3d\xad\x7a\x9a\x6b\x05\x82\x49\x4f\xf9"
	"\x80\x98\xf5\x72\x03\x6d\x4d\x2b\x0f\x92\x2c\x9c\xa8\xc9\x88\xd9"
	"\x5a\x63\x3e\xa7\xc2\xee\xe4\x47\x05\x42\x56\xc3\x5f\xf6\xcd\xe4"
	"\xcc\x8b\x72\xa0\x6d\xf2\x47\x30\x83\x82\x04\x84\x0b\x16\xab\x82"
	"\x2a\x4c\xfb\xc7\x1f\xdb\x43\x5b\xd2\x91\x9b\xa3\x69\xd6\xe3\x7f"
	"\x06\xc9\xef\x8b\xbf\xf0\xe5\xc9\x74\x3e\x98\x1a\x6f\x4a\xd9\xcd"
	"\x68\xd4\xa1\xb6\xad\xd2\x9f\x6a\x24\xa5\x13\xce\xf8\x97\x29\x13"
	"\x5f\x82\x15\xfe\x99\x0a\x2d\xf7\xd3\x34\x6a\x6f\x60\x09\x87\xef"
	"\x5a\x29\x0b\x9d\x05\x7f\xd7\xca\x22\x2f\xf3\x03\x0c\x36\x72\x3b"
	"\xe8\x5f\xdb\xe8\x51\x86\x70\x15\x70\xe1\xbc\xfd\xb4\x3b\xbc\x8e"
	"\xc7\xc3\x9b\xcf\xdd\x4f\xcd\x49\x7c\x66\x2d\xc5\x74\x4c\x1c\x51"
	"\xaa\x06\x84\x62\xce\xd8\xcf\xd5\x55\xe6\xb0\x7d\x7f\x7a\x05\x79"
	"\xc1\xd2\x66\x84\xe0\xd0\xe6\x84\x4c\x9a\xeb\xc6\x5e\x4d\x22\x5e"
	"\xb8\x45\xdc\x5c\x34\x90\x88\x4d\x47\xef\x8a\x48\x39\x57\xb7\xb3"
	"\xf3\xc2\x28\x46\xd5\x1a\x95\x63\xd9\xbc\xe0\x80\x2c\x97\x36\x3b"
	"\x59\x0b\xc4\x2a\x92\xdc\xf8\x69\xdb\x73\x15\xa1\x3e\x7d\xce\xda"
	"\xea\x72\x06\xcb\x7f\x42\xf4\x61\x45\xdd\x10\x51\x63\x24\x90\x53"
	"\xc8\xf8\x66\x16\xcd\x50\xc3\xa2\x9a\xdd\xc4\x39\x55\xde\x04\xed"
	"\x79\x14\x71\x15\xfc\x48\xb9\x94\xb6\x17\x60\xc1\xd2\x59\x40\x9f"
	"\xc3\xcc\x77\xd0\xa6\x06\xed\x84\x8e\x8c\x1b\x77\x5b\xdc\xaa\x93"
	"\x6c\xfe\x6e\x1c\x24\x3e\x90\xf5\xda\xf3\x20\xa4\x4b\x06\x52\x1e"
	"\x97\x24\x79\xe2\x68\xd0\x84\x26\x39\xbe\xf2\x0a\x96\x10\x24\x7e"
	"\x57\x32\x1e\x12\xc4\x85\x43\x70\x42\x8f\xe5\x15\x29\x39\x25\x8e"
	"\xd6\xe7\x34\xed\x2e\x5d\x0d\x9c\xd4\x11\x4d\x2d\x5c\x85\xe6\x52"
	"\x01\x69\xef\x81\x35\x5f\x90\x1b\x22\x35\x45\xe0\x0c\x44\x3c\x34"
	"\x6a\x5e\xa6\x0e\xd1\x70\xca\xed\x0f\x03\x5e\x90\x87\xe4\x00\x46"
	"\x54\x6e\x5e\x4e\x7e\x93\xf9\x8c\x9e\xfb\x54\xbb\x9a\x0e\xdf\xf0"
	"\xa3\xde\x53\x5b\x9b\x6e\x83\x5c\xef\xda\x1b\xd8\xb5\x5b\x1d\xd0"
	"\xa4\x5d\x13\x8f\x66\x6d\x26\xe2\xc1\xba\xc5\x34\x26\xf4\xe2\x1a"
	"\x53\xef\x23\x4c\x1f\x2a\xee\x03\x15\x1f\x8f\x3e\x52\x27\xc2\xde"
	"\x48\x63\xfa\x48\xc5\x09\x9b\x06\x8d\x69\xf0\x11\xa6\x8f\x74\x01"
	"\xe1\xdf\xa1\x31\xdd\x5c\x66\xba\xe9\x7f\x20\xa7\x9b\x8f\x0c\xf0"
	"\x4d\xff\x03\xfd\x74\x33\xf8\x40\x9d\xc6\xd7\x74\x3f\x81\xac\x84"
	"\x13\x7e\x33\xbe\x9c\x4d\xb7\xf7\x91\x6a\x03\x17\x3d\x09\x18\xf7"
	"\xa2\xc8\xbe\x20\x4f\x35\xe9\xea\x2b\xac\x26\xf4\x2e\x36\xa2\x7f"
	"\x91\xe3\x72\x47\x0c\x2f\x72\x8c\x2e\x72\x5c\x5f\xe4\xb8\xb9\xc8"
	"\xd1\xbd\xdc\x98\xee\xe5\xd6\x74\xe9\xe6\xcc\xb3\x68\xbc\x29\xdc"
	"\xe4\x92\x24\x63\xb0\x48\x38\x8b\x58\xea\xe4\xf0\x02\xb8\xca\x79"
	"\x17\x58\xe0\x82\x55\x16\x99\x9b\xa9\xc8\x98\x88\x2e\x15\xb6\x2e"
	"\xa2\x38\xbe\x50\xdc\x8c\x05\x17\x59\xe0\x6e\x36\x77\x72\x44\xd0"
	"\x2e\x0d\xad\xc5\xe4\x49\x4b\x02\x7c\xb3\xd5\x7d\x97\x1a\x05\x17"
	"\xe0\x39\x15\xe9\x04\x79\xc8\x5b\x80\x1f\xdb\x5f\x34\xcb\x34\xc2"
	"\xb5\x4a\xa8\x38\xe3\x60\xa3\xe0\x11\x69\xd0\x87\x2a\xac\x6c\x74"
	"\xcf\x74\x05\x89\xbc\x48\xcc\xb7\xfb\x97\xed\xcf\xab\x1f\x0f\x8f"
	"\x7f\xed\x5e\xbe\xd7\x56\x43\x6f\xfb\xdd\xcb\xf1\x2f\x65\x94\xf1"
	"\xbc\x3d\x7c\x37\xa3\x7f\xca\x4b\xf5\x5c\x02\x8a\xb4\x44\x65\xd4"
	"\xbd\xa3\x9a\x32\x0e\x16\x41\x7c\x3a\xa8\xaf\xcf\x90\x18\x28\xa8"
	"\x5a\x38\x06\x0d\x71\x12\xc1\x85\xaa\xfc\xfd\x40\x0b\x04\x7a\xee"
	"\xb0\x75\xca\x10\xaa\x9d\x6e\xb9\xc2\xcb\x4a\x32\xbf\x94\x55\x62"
	"\xbe\xc4\x4b\x70\xb0\xd6\xd5\x2f\x53\xb8\x0e\x60\xd4\xa3\x3c\x93"
	"\xea\x04\x6e\xf1\x55\x79\x7e\x83\xab\xd7\xe7\xe3\xee\x79\x7b\x05"
	"\x37\xe1\xc7\xbf\x0e\xb2\xb3\x1e\x55\xfa\xde\xec\x2f\x55\x42\x05"
	"\xd8\xa0\x95\x8b\xa9\x78\x57\x2f\xbd\xc0\x77\x54\x4f\xb2\x81\x90"
	"\x4e\xcc\xd3\x06\x93\xbf\x64\xc5\xd4\xbe\xdb\xcc\xfc\xc9\x86\x7b"
	"\x45\x94\x0b\xeb\x25\x43\x41\x77\xa0\x96\x04\xf2\xcb\x8b\xc0\x63"
	"\x22\x68\x5c\xe3\x6a\x68\x8f\x92\x0b\xa5\xb8\x6b\x5c\x9b\x0b\x44"
	"\x8b\xc0\x2f\x6f\x7b\x9d\xc1\xb8\xf9\xe8\x02\xa5\xa1\x25\x30\x08"
	"\xb5\x09\x21\x25\x07\xcc\x57\x18\xa3\x9c\x5a\x05\x25\x87\xf1\x80"
	"\x0c\x26\x59\x6c\x35\x47\xc1\x49\x95\x2d\xd3\xb6\x12\xe9\x9c\x5a"
	"\xd7\xbc\x9a\x6e\x56\xf7\x7e\xec\x3e\xed\xba\x14\x20\xc0\x4e\xa5"
	"\xa3\x74\x74\x3a\x57\xda\x47\xbc\x15\x26\x08\xbe\x66\x7d\xda\x69"
	"\xb3\xa8\x3e\xce\xd2\x78\xdd\x34\xf3\x90\xe9\xa9\xa8\x3a\xb3\x9e"
	"\x7e\x7a\x27\x57\xe9\xe6\x44\xaa\xf0\xdd\x02\x36\x47\x93\x0f\x04"
	"\x9a\xb0\x22\xf9\xa2\x29\x09\xdc\x0f\x9a\xb6\x22\x8d\xc4\x93\xc6"
	"\x42\x75\xd9\x6d\xe7\x57\xd7\xc6\xa5\x47\xe4\x54\x35\xc0\x7b\x7e"
	"\x10\xd7\x5a\xa2\x64\xfb\xfc\xba\xff\x7d\xe5\x6f\xbf\xbd\x7f\xff"
	"\xae\xb6\x97\xe6\xc8\x04\x2b\x11\xa4\x3c\xd2\x11\x26\x30\x1f\xa4"
	"\xb3\x38\xce\x88\x27\x71\xfc\x1a\x7a\x81\x67\xa8\xcc\x73\x0c\x8c"
	"\x64\xa4\x22\x0d\x2b\x96\x02\x6e\x24\xa8\xe1\xa3\x1e\x3e\x15\x57"
	"\x36\x41\x0d\x33\x71\x5b\x8d\xcb\x89\x02\x04\xb2\xa1\x6b\xe3\x73"
	"\x51\xd5\x37\x88\x84\x01\x63\x63\xb6\xb6\xa6\xb8\xa6\x98\x40\xd3"
	"\x94\x92\x6b\x3a\x0c\x8d\x6b\x91\xb8\x14\x1c\x15\x8f\x3a\x10\xcc"
	"\x5a\x54\x04\xd7\x5e\xaa\xf0\x09\xe1\x92\xed\xea\xab\x6a\xea\x21"
	"\x48\x2d\xd9\x23\xb2\x4e\x73\xc6\x9b\xe1\xc4\x34\x82\xc4\x58\x60"
	"\x4d\x7d\xb6\xe7\xc9\x66\x28\xea\x19\x6b\xcf\x46\x3d\x7f\x7b\xf6"
	"\xaf\x40\x82\xa5\x3e\xd5\x07\xd8\xbf\xe7\x60\x4b\xa7\x3e\x9b\x7b"
	"\xd9\xc2\x28\x03\x3e\x80\x64\x89\xa9\x0b\xf3\xb0\xf5\x08\x88\xfc"
	"\xae\x61\x0c\xb5\x38\xd3\x4a\x97\x89\x0b\xe4\x0a\xdd\xb2\xde\xdf"
	"\xd4\x41\x12\x3e\xbc\x7c\xd7\xd0\x56\xa7\x02\xdf\x04\xca\xdc\xed"
	"\x15\x7e\xc2\xf6\x2b\xf0\xc1\x05\x41\x68\x36\xc6\x8e\xd7\xa8\x93"
	"\x0c\x68\x18\x96\xe9\x0c\xba\x8b\xdb\xe7\xdf\xf2\xee\x84\x28\xe9"
	"\x2e\x31\xb3\x3f\x77\xb4\xe8\x2a\x68\xe2\xad\x06\x45\x58\xa3\x0f"
	"\x7e\x3e\xed\x34\x2a\xea\xa0\x86\x67\x5c\x85\x22\xd4\xce\xd0\x33"
	"\x9a\xa1\x24\x53\xd2\xc0\xb9\x63\xc4\x46\x84\x45\x26\xf0\xbd\xc0"
	"\xa6\xf1\x97\xd9\x18\xa8\x87\x2a\x73\xb5\x0a\x11\x00\xec\xd2\x91"
	"\x80\x4d\x9a\x07\x41\x7e\x61\x7f\x2a\x30\xd8\x98\x19\x73\x1d\xa7"
	"\xc2\x79\xdb\xbc\xfa\xd7\xe1\x6d\xf7\x82\x9e\x7f\x87\xff\x5c\x3d"
	"\xbf\x1f\xb7\xbf\xb6\xf0\x8f\xed\xf1\xf1\x8f\x3f\xfe\xf8\x77\xcb"
	"\x94\x5b\xed\x68\x02\x0e\x68\x11\xac\x02\xee\x9a\x88\x15\xbe\xbf"
	"\x6b\xb5\x5f\xcc\x64\xb9\x54\x4c\xb0\x05\x66\xcb\x9c\x11\xf6\x12"
	"\x15\x6e\x29\x3e\x88\x39\xb6\x74\x09\xed\x5d\xbd\x7a\xd9\x2d\x50"
	"\x64\x4c\x69\xc1\x5c\x5b\x0f\x13\x19\xca\x84\x12\x57\xec\x42\x5d"
	"\x30\x68\x25\xcb\xa3\x93\xd5\x0b\xa7\x0b\x85\xb5\x86\x0f\x5b\xf4"
	"\x19\x71\xee\x07\x8b\x09\xcd\x39\x50\xa6\x37\x97\x3b\x46\x73\x5a"
	"\x49\x29\x00\x7a\x05\x24\x1c\x1e\x04\x3e\x4c\x31\x05\x7c\xe8\xa8"
	"\xfc\x5c\x9d\x45\xee\xb3\x06\xfe\x5f\x04\xc5\x24\xe3\x81\x7e\x42"
	"\xd3\x94\x38\x6a\xc3\xb6\x57\x53\x34\x92\x04\xd7\x54\x72\xcd\xf0"
	"\x1a\x7d\xd5\x35\x8d\x3c\x90\x7d\xe1\x5a\x09\xe2\x84\x29\x69\x17"
	"\x5e\xd9\x92\x1f\xb4\x09\x83\x64\xab\x7d\xcd\xa5\x21\x83\x0f\x25"
	"\x08\x98\x9b\x83\xca\xa6\xc1\x22\x63\x6f\x08\x1c\xc2\x13\xd6\x6a"
	"\xb7\x49\x3f\x6f\x4f\xc8\x04\x3b\x5f\xbb\x00\x9c\x10\x64\xf1\xc1"
	"\x1d\xbf\x78\xbf\x81\xed\x59\x89\x7d\x85\x21\xf0\x69\x9c\xea\x4d"
	"\x5a\x86\xc2\x0c\x16\x44\xc8\x55\x68\x4c\x98\x89\x3c\x56\x12\x87"
	"\x08\x6a\x83\x57\xfb\x85\xb6\x1a\x5b\x8c\x94\x91\x15\x97\x5e\xe1"
	"\x3f\xf0\x52\x1f\x43\x89\xa9\xb7\x16\x99\x0d\x53\x2c\xcd\x72\xd5"
	"\x5d\x85\x26\x32\x4c\xcb\x54\xc9\xd6\x6e\xea\xac\x60\x79\x68\xe7"
	"\xa9\xef\x92\xd3\x7a\x7d\xb6\x32\x50\xc7\x7c\x22\xe1\x20\xf1\x58"
	"\xcd\x0a\x5f\x63\xc1\xc7\x33\x39\x03\x90\x53\x4a\xe7\x5c\x0f\xd0"
	"\x58\x7d\xa8\x72\x69\x3c\x68\xc9\xbc\xbd\x76\xf4\x95\x42\x06\xd4"
	"\xad\xc1\x63\xeb\xab\x97\x02\xf0\x04\xfe\xd6\x33\x0f\x8e\x0f\x0e"
	"\x29\x5f\x46\x78\xab\xd0\x9b\x87\x76\x7d\x70\xd7\xd6\xc3\xd6\x2b"
	"\x70\x10\x61\x8b\xa3\x60\x94\x50\x1b\xc0\xea\x59\xfb\x11\x97\x57"
	"\xaa\x4a\x0a\x92\xf7\xf5\x76\xc3\xb0\x19\xe7\x60\x17\xf5\x3c\x30"
	"\xf6\x40\x6d\xfc\x88\xe3\x41\x1e\x94\x08\xc7\x2a\x3b\x82\xf0\xb8"
	"\x2e\xee\x40\x4e\x9a\x7e\x20\x23\x17\x8b\x3a\xea\x1d\x0c\xe1\x12"
	"\x11\xf9\x1c\x0c\xd5\x94\xa9\xa6\x05\xe1\x7b\x23\x3f\xdf\xf0\x14"
	"\xa4\xe4\x30\xb3\xed\x2e\x13\x38\x0a\x60\x48\xab\xc0\xba\x30\xff"
	"\xdb\x51\x24\xeb\x74\x96\xc2\x3a\xc4\x6b\x7a\xf5\x01\x71\x62\x9f"
	"\xd8\x61\x9e\x3a\x19\x95\x8c\xe3\x68\x1d\x46\x61\xc2\x48\xa4\x12"
	"\x48\x4d\xdb\xbe\xea\xfb\xba\x8c\xf9\x53\x0d\xd5\x79\xec\x27\xf9"
	"\xd4\x48\xd3\x38\x8d\x3e\x44\x6c\x6e\x10\x7a\xc9\x6d\xfa\xbc\xe6"
	"\x36\x13\xd8\x3c\x42\x04\xa4\xb6\x6f\xa8\xe7\x55\xf5\x7f\xe0\xfc"
	"\x58\xf9\x50\x7f\x16\xe3\x85\x47\xea\xe4\xe8\x55\x55\xb5\xd3\x00"
	"\xbf\xc3\x98\xdc\x28\x8c\x18\x9b\xbd\x3a\x03\xdf\x5f\xa4\xa2\x49"
	"\x6c\x0f\x47\xed\x14\x8c\xe7\x3e\xe1\x5e\x83\x15\x96\x27\x37\x5c"
	"\x1d\x0a\x41\xb3\x90\xd4\x49\x2d\xaf\x48\xa9\xc6\x71\x4e\x4e\xd0"
	"\x3a\x86\xa6\x4b\x5d\x05\x76\x8f\x9b\x4d\x89\x6e\x68\x96\xee\x32"
	"\x43\x96\x55\x0e\x83\x95\x1e\x21\x45\x6b\x93\x90\x43\x58\x85\x1c"
	"\xa0\xf9\xe6\xc0\x28\x88\x08\x43\x92\x41\xee\x6a\x53\x9a\x3e\x89"
	"\x04\x65\x5b\x2a\xe9\x65\x19\xf9\x34\xb5\x40\x35\xa3\xd0\x01\xf6"
	"\xb5\xb6\x32\x42\x9b\x2c\xa9\x4e\x5b\x53\xd5\x15\xd2\xae\xc3\x51"
	"\x43\x5a\xc3\x0a\xb7\x7d\xf7\x38\x00\x03\xa9\x0a\xa8\xc6\x41\x06"
	"\x9d\x21\x58\xa4\x5e\x25\xdd\x48\xf5\x0b\x9c\x8d\x45\x49\x9b\x71"
	"\x9e\x84\xa8\x8f\x30\xc3\x25\x7d\x29\x25\x12\xfb\xf6\xc6\x10\x17"
	"\xf4\x82\x62\x62\x26\x51\xc9\xcf\x97\x7a\xf8\xed\x52\xac\x94\x13"
	"\xa9\x42\x80\x4a\x8a\xe8\x5e\x6e\xb1\x6d\xa3\xe6\x4a\xad\x57\x33"
	"\xa6\xd9\x26\x2d\x09\xef\x26\xc9\xe1\x56\xe2\x48\x8b\xf9\x88\xcb"
	"\xcb\xd4\xb2\xa9\x9d\x55\x61\xcb\x72\x21\x31\xdb\x3d\xcd\xb7\xa9"
	"\x45\xac\x40\x9c\x89\x58\xf1\x78\xc7\xae\x05\x8b\xc8\x27\x8d\xb0"
	"\x21\x3b\x75\x59\xc1\x36\x4b\x21\x04\xce\x5e\x1e\xb8\xae\x0a\xcb"
	"\x15\xa9\x79\x65\x71\x34\x4b\x2b\x6d\x9c\x59\x6f\x5c\xd1\x1e\xac"
	"\xb7\x02\x75\x9b\x93\x60\x8a\x78\xc5\x09\x9b\x07\xd6\xc8\xcb\x45"
	"\xc0\xa3\x59\x28\x9a\x42\x52\x95\xb4\x41\x1b\x41\x8e\xce\x0f\x1b"
	"\x8e\xff\xa2\x58\x4e\x1c\x1b\x91\x78\xed\xd0\xcd\x35\x9b\xc7\x44"
	"\x49\x98\x38\xd4\x2c\x2a\x83\x3c\xfa\x10\x5f\x20\x26\x8b\x6e\xe7"
	"\x12\xa7\x72\x5e\x08\x44\x32\x58\xb9\x9a\x7e\x92\x68\x8b\x20\x8f"
	"\xa3\x3a\x38\x86\x25\x43\x7f\x32\x2b\x23\x67\x4e\x9a\x1f\x46\xa3"
	"\x03\xf2\x92\xb4\x9a\x6c\x70\x89\xc8\xd6\xc9\x19\xb7\x0e\x8f\xc8"
	"\x7d\x46\xa4\x13\xb5\x40\x8a\xa6\xb1\xbe\xd0\x87\x77\xb9\xef\x6e"
	"\x71\xb8\x94\xa7\xb4\xad\x1e\xd2\x03\xc5\x46\x50\x41\x1d\x70\x60"
	"\xdc\x54\x43\xb9\x6e\xe9\x31\x5e\x58\xbb\x60\x56\xda\x92\xeb\xaa"
	"\x2a\x04\xb6\xed\xe3\xfb\x1e\xbd\xa9\x8d\xe7\xa7\x79\xb0\xe6\x4d"
	"\x6b\xbc\xb5\x32\x87\x66\xad\x0b\x3f\x1e\x96\x20\x30\xe0\x3d\x03"
	"\x38\xf0\x08\x25\xec\xbd\xaa\x2c\x08\xf0\x4a\x69\x95\x06\xe2\x28"
	"\xc9\x02\x84\x8d\x1f\x6e\x32\x28\x4f\x3e\x4a\x52\x88\x0a\xca\x62"
	"\x1c\x84\xa3\x80\x4b\xbf\x3e\xb9\x07\xd8\xdf\x56\x0c\xdb\xf2\xd3"
	"\xd7\x4b\xf8\x53\xde\x53\xc2\x2c\x9b\xbb\x4b\xb2\x1a\x1f\x9d\x32"
	"\xaa\xac\xab\xac\x85\xd4\x96\x57\xab\x69\x91\xb8\x1b\xa3\x6b\xc9"
	"\x6a\x39\x4e\x46\xa6\x06\xf9\x11\x4e\xd4\x0d\xf3\xfd\xe2\xb6\xdf"
	"\xbb\x1e\x8d\x5b\x47\x53\xc8\x0a\x1f\xee\x62\xbe\xb4\x95\xf6\xb2"
	"\x7c\xad\xd4\x69\xed\xc8\x37\x06\x53\xeb\x3d\xcb\xc8\x01\x1f\x48"
	"\x78\x4e\x3c\x6a\xc3\x2e\xab\xc2\x9d\xc8\x5d\xc7\xae\xd3\x42\x7b"
	"\x49\xcc\x2d\xc9\xfc\x40\xc9\x5b\x4d\x17\x2e\x0b\x59\xf6\xc0\xed"
	"\xa7\x4f\x46\xff\x82\xdc\x17\xa5\xe5\xca\xda\xbf\x15\x4d\x3e\x0d"
	"\xe7\x8c\xc4\x92\xd7\xd9\xab\x2b\xaa\x6b\x54\x4f\xac\x81\xc4\x5c"
	"\x6d\x54\x5e\xe7\x60\x0b\x4f\x8f\x42\x61\xf0\x48\xad\x70\x11\xdc"
	"\xa1\x67\x92\xae\xea\x36\x98\x79\xe4\xc3\xcc\x94\x12\x1e\x0a\x92"
	"\xfc\xf6\xc6\x64\x4d\x98\x67\x9f\x71\x92\x82\x51\x43\xd2\x59\x99"
	"\x5f\xe8\x0d\xc9\x0a\x53\x14\xee\x26\x82\xba\xf3\xb6\x99\x59\xae"
	"\xa2\x5c\xc8\x08\x11\x17\x96\x27\xc8\xed\xd9\x3a\x73\xf3\x40\x7e"
	"\x70\x8e\x67\x17\xca\xc6\x37\xfa\x9c\xf0\x90\x3e\x31\xad\x59\xc2"
	"\xac\x66\xea\xe8\xf2\xab\x6d\x02\xa7\xc4\xb3\x77\x82\xeb\xd3\x0d"
	"\x2b\xfd\xa8\x1d\xb9\x32\x21\x70\xce\x17\x76\x84\x78\xb5\xb7\xbb"
	"\xa6\xb4\xc9\x93\x30\x52\x0b\xaf\xb1\x6a\x70\x82\x04\xdb\xed\xa7"
	"\xc3\xf6\xe7\xee\xe5\xfd\xd7\x27\xcd\xc2\x63\xff\xb4\x95\xf0\x1c"
	"\xe7\xc3\xa1\xf9\x48\xbb\x7b\xd9\x21\x3a\xda\xee\x9f\x87\x0a\x4b"
	"\xf0\xd4\x3b\x51\x25\xc8\x1b\x1a\x88\x06\x09\xb5\x0a\xb0\xb0\x61"
	"\x7a\xa5\xc4\x25\xb0\xc5\x7a\x1f\x10\x16\x44\x92\x4f\x3a\xb2\xc4"
	"\xd2\x7d\x51\x35\x2d\x4b\x9d\xcc\x53\xbc\x58\xda\x79\x4f\xb6\xc6"
	"\x18\xfb\xe2\xe4\xbc\xb0\xff\xfd\x76\x7c\xbd\x7a\x7c\xdd\x6f\xaf"
	"\x5e\xf7\x57\x3f\xb6\x3f\xdf\x9a\xbe\x76\x55\xa0\x0c\x16\xcf\x5a"
	"\x01\x84\x5a\xc9\x3d\x33\x3d\x60\xbe\x35\xd1\x64\x9d\xc4\x73\x2f"
	"\xca\xc3\xe6\x56\xa9\x53\xcc\x8f\x70\x9b\xb0\x26\x9a\xac\x45\x4b"
	"\x41\x78\x4a\xb3\x32\x9e\x0c\x70\x8c\xaa\x93\x35\x61\x54\xed\xe7"
	"\x79\xde\xb3\x25\x9a\x39\xa0\xec\x61\xa9\x0e\x6f\x49\xfe\x55\xaa"
	"\x1f\x92\x03\xba\x09\x3c\xdf\xec\x94\x84\xa5\x70\xaa\x15\x54\x7a"
	"\xcf\x52\x06\x1e\x51\x74\x29\xd5\x87\x67\x8d\x67\x15\x33\xb5\xcd"
	"\x35\x9b\x76\x7b\xe3\xa4\x8c\x0d\x02\xde\xf5\xac\x89\xb6\x9a\xe4"
	"\xf2\x6f\xba\x2e\x28\x66\xc8\x60\x96\x46\x8e\xf2\x2f\xdf\x92\x65"
	"\xa2\x28\x74\x9e\xac\x14\x21\x88\x6d\x46\x8e\x3c\x4a\xfc\x93\x0f"
	"\xfb\xfb\xf1\x07\x62\x2f\x3d\x3e\x1c\xb7\x4f\x57\xc1\xcb\x23\xae"
	"\x21\xd8\x28\xae\xfe\xde\x1d\x7f\x5c\xb1\xc3\xe1\xf5\x71\x27\x49"
	"\xfe\xc3\xf1\xa1\xa9\xa1\xaa\x6b\xe7\x25\x74\x05\x66\xed\x58\x89"
	"\xf5\x27\x21\x83\xff\x7a\x9d\x3c\x8b\xd7\xdd\x7e\x67\x48\x7f\xcf"
	"\x83\xbb\x68\x61\x54\x3f\x80\xaf\x61\x8b\x58\xd4\x4d\x98\x48\xec"
	"\xd4\xe7\xd7\xa7\xed\xc1\x58\xec\xde\xc4\x6c\xbe\x27\x0a\x4b\x1a"
	"\xb7\x94\x33\xb1\xd4\x3e\x2e\x88\x88\xed\xf5\x38\x4f\x3c\xba\x41"
	"\xab\xb6\x2e\xb4\x5e\x4a\xc1\x7a\x59\x10\xea\xa6\x7a\x28\xfd\x88"
	"\xa5\xa2\x34\xfd\x8b\xc3\x87\xc3\x0f\xaa\xed\x70\x02\x99\x3b\x8b"
	"\x2d\x71\xa5\xba\x49\x2f\x74\x91\x58\x70\x6e\xfd\xdd\xf7\xed\xe1"
	"\x68\x16\x56\x78\xfd\x9e\xa5\xaf\x31\xd9\x92\xf5\x24\x86\x4b\x7e"
	"\x6f\xe2\x6a\x32\x7c\x2a\xba\x1d\x3f\x9a\x3a\xe6\x57\xb5\x79\x1a"
	"\x83\x60\x99\x59\xc6\xea\xf1\x07\x8e\x9d\xc1\x1f\xda\x16\x5c\x04"
	"\x33\x2f\x88\xf1\x6f\x57\xce\x45\xe2\x77\x09\x98\xc5\x06\x07\x61"
	"\xc8\x7f\xe6\xe8\x0d\x47\x17\x38\xfa\x6d\x34\x54\x6d\xed\x84\xac"
	"\x6b\xae\x7c\x58\x77\xc3\x91\x2d\x79\xd8\xb5\x0d\x13\x10\xfa\xae"
	"\x4a\x88\x59\xd1\xbd\xe9\xb9\x38\x96\xf9\xb0\x6b\x02\xbf\x79\xbb"
	"\xb7\x1f\x2d\xdc\x80\xd3\xb9\x6a\x5b\x1f\x90\xaa\xc5\x92\x32\x38"
	"\xd2\x72\x12\x71\xc7\x4e\x58\x78\x03\xeb\x2c\xcc\x96\x53\xca\xac"
	"\xb7\x9e\x86\x2c\x09\xe2\x38\x62\x6e\x1e\x2e\x86\x97\x18\x46\x74"
	"\xf5\x7c\x6b\xb3\xa7\xc6\x91\x61\x6c\x1c\x21\xbb\x67\xbe\x8b\x83"
	"\x83\x98\xcf\x7a\xce\xa9\x56\x6f\xc7\xce\x6c\x82\xc0\x5d\x4c\x50"
	"\xe4\x5a\x70\x24\x63\xaa\x58\x23\x04\xd6\xc4\x65\x86\xe3\x60\x4c"
	"\xcc\x2a\xfd\x1c\x82\xe1\x64\xa5\x8b\xf8\x7f\x2d\x79\xf6\xd4\x95"
	"\xd3\xb8\x15\x77\xae\xde\xb6\xef\x33\x4b\x17\x8f\x07\x3d\xba\x52"
	"\xf1\xfd\xc0\x92\xcd\x20\x34\x77\xb9\x7b\x2e\x4e\x07\x6a\xf1\xf0"
	"\xf2\xf4\xfa\x7c\x95\xbe\x3f\x7f\xdb\xee\x6b\x44\x6f\x5b\x4d\x59"
	"\xca\xa3\x8d\x97\xdb\x84\x3a\xbf\x98\xa0\x9a\x3e\x2d\xed\x94\x6a"
	"\x0f\x37\x04\x2a\x49\x63\xee\xe9\x2c\x99\xe0\x04\x74\x4c\x46\xe0"
	"\x30\xca\xfd\x1a\xe1\x1d\x00\x63\x85\x6a\xaa\x87\x86\xa0\x25\x5f"
	"\xba\x2e\x95\x7f\x62\xe4\x95\xb4\xf9\x21\xe6\x82\xb0\x1d\xd2\xf9"
	"\x50\x2e\xa7\x5b\x26\x6f\xe4\xed\xd8\x7a\x35\x65\x69\xeb\xcf\x60"
	"\x21\x81\xee\x3c\xc6\x92\xd3\xa0\xc9\xc7\x3c\xee\xdc\xff\xf1\x3b"
	"\xcf\xcb\x2f\xb1\xc0\x25\xa7\xc8\x56\x1b\x2f\x4d\x87\x43\x02\xdc"
	"\xab\x99\x21\x5b\x44\x65\xb2\xb9\x8f\x2e\xe6\x7b\x67\x55\xe9\xb4"
	"\x18\x30\x9c\x1c\x06\xf4\xf4\xcc\x75\xa2\x18\xea\x6b\x95\x35\x77"
	"\x85\x52\x63\x2b\x1a\x5d\xea\xd5\xcf\x0f\xd4\x20\x6a\x96\xce\xf8"
	"\x3a\x49\x02\x54\x04\x4a\x2d\xa2\x58\xe7\x76\x62\x5e\x4e\xe2\x8a"
	"\x87\x97\x93\x36\xdb\x6a\xd8\xb9\xd9\x78\x01\xea\xb6\x50\x35\x1e"
	"\x20\x50\x1e\x6f\xde\x17\xf2\xb9\xc7\xaf\x4f\xae\x0a\x27\xea\x59"
	"\x4f\x2a\xe9\xea\x05\x31\x20\x00\x89\xa2\x19\xea\xd9\xf2\x40\x39"
	"\x69\x20\x56\x82\x2c\xcc\xe6\x82\xe1\x21\x2e\xf9\x9f\x52\xb2\x3e"
	"\x5c\xfd\x89\x98\x54\xbb\xef\x2f\x0a\x5b\x52\xba\x16\xb4\x0c\xa7"
	"\xab\x10\xb6\xa2\x28\x79\xa5\x63\x2d\xda\x6e\xbf\x06\x9d\xa3\xb2"
	"\xad\xe9\x58\x8a\xf4\x60\x25\x0a\xd6\xec\x04\x4a\xe9\x92\xa5\x3e"
	"\x2b\xd6\x7a\x79\x94\xcf\x2a\x66\x0d\x22\x9b\x37\x97\x0f\xcf\x16"
	"\xe6\xd6\xa3\x0e\x31\x7d\x94\xf0\xa1\x78\xec\xb2\x06\x88\x0a\x8a"
	"\xec\x16\x6b\xea\x62\x02\x6b\x11\x34\x55\x8a\x8b\x4d\xb2\x45\xe4"
	"\xec\x9f\xbf\x77\x88\x13\x20\x90\xd4\xcd\x20\x28\xb6\xf2\x9b\x44"
	"\xbc\x38\xb9\x19\x26\xf1\xdc\xc1\x90\x06\x59\x5a\xb1\x50\x07\xba"
	"\xe4\x71\x4a\x4d\xa7\xdc\x26\x36\xd9\x69\x12\xa5\x38\x45\xd4\x5b"
	"\x79\x7d\xbc\xc5\xbb\x6f\xfb\x87\xfd\xef\xab\xfd\xeb\xfb\x71\xf7"
	"\xd2\xbc\x75\x4c\x60\x3f\x0b\x60\x41\xf0\xc0\x66\xfa\x6d\xa3\xaa"
	"\x57\x82\xa6\xb3\x41\x6d\x93\xc4\x45\x91\x7a\xf9\x7a\x33\x2d\x10"
	"\x1e\xae\xb5\x88\x9b\x2c\x71\x90\x12\x54\x0c\x9a\xab\x45\x94\x3e"
	"\x01\xfe\x79\x11\x42\x80\xb2\xdc\x24\x45\x99\xe6\xb4\x81\x90\x1d"
	"\x5e\x92\xaf\xbc\x50\x99\x8c\x16\xc1\xb4\x39\x26\x1e\x8c\x22\x1c"
	"\x8c\xad\xa4\xee\xa8\x3d\x24\xde\xc6\xbc\xc5\xb4\xc8\x91\x28\x37"
	"\x76\xc5\x80\x71\x75\xfa\xdf\xbe\xae\x60\xc7\x6d\x10\x88\xde\xf9"
	"\x0a\x24\x7f\x41\xab\x48\xdd\x4b\x0e\x18\x63\x9b\xae\x31\x2e\x64"
	"\x55\xaf\x2f\x28\x9b\xba\x5b\xab\xdd\xb8\xaa\x5d\xa9\xf9\xfb\x02"
	"\x6e\x13\xb0\x21\xc7\xbc\x99\x10\xc7\x31\x93\x61\xe6\xf1\x30\x4f"
	"\xe7\x1d\x2a\xea\x3f\x07\x1d\x20\x49\xfa\xfc\x10\x78\xeb\x62\xd9"
	"\xc5\x2e\xc5\xb8\x20\xf1\x39\x16\x35\x16\x8f\x94\xc6\xd2\x3c\x1c"
	"\x1d\xf8\x43\xa8\x33\x42\xd3\xed\x9a\x11\x3f\x38\xe1\xbc\xf5\x4b"
	"\x63\xb6\x88\xbb\xdd\x1e\xb0\xc0\xf6\xd7\x5a\x3a\x5f\x31\x97\x8d"
	"\xf5\xc6\x74\xb1\xdd\xee\xfb\xf7\xb6\xd3\xd7\x6b\x72\x07\x3f\xb9"
	"\xb4\xe8\x26\xe5\xd4\xb9\xe6\x55\x94\xc8\x47\x33\x12\xc2\x77\x41"
	"\x6f\x9d\x68\x86\xf1\xe0\x28\x26\x05\x55\x11\xd8\xf3\xbf\xe9\x54"
	"\x75\xc6\x10\x96\xb0\xb2\x26\x95\xe2\x8f\xc1\xba\xf4\xff\xd1\x54"
	"\xd1\xb9\xba\xb9\x8e\x21\xd5\x86\xf7\x41\x4b\xd5\x31\x14\x31\xec"
	"\xb6\x13\x32\xd0\x08\x13\xc4\xf0\xf5\x79\xc5\xbd\xd3\x61\x5d\xd4"
	"\x8c\xea\x3c\x47\x86\xc1\x20\x89\x79\x40\x42\x98\x7a\x64\x4d\x10"
	"\x4f\x59\x10\xce\xa5\xab\xf5\x2b\x25\xc7\x54\x47\x31\x1b\xe5\x04"
	"\x7a\x76\x23\x9f\x34\x51\x86\xb0\x35\x64\x58\x93\xca\x8b\x3e\x96"
	"\xfd\xc1\xbc\x12\xa9\x2c\xaa\x3b\x9c\x7a\xc3\x2a\xab\x39\x6f\xd6"
	"\x3a\x54\x9e\x83\xd9\xf5\x13\x11\xaa\x32\x1d\x7e\xe1\x5d\x42\xf6"
	"\xc9\x0d\xc2\x15\xf7\x0a\x5f\xe6\xf5\xbd\xa9\x51\x57\xbe\x6a\x18"
	"\xae\x3a\xb3\x7b\x75\xd5\xd7\xcf\x22\x45\x93\x2c\x42\x44\x31\x94"
	"\xd0\x66\xa5\x15\x7c\x55\x54\xa7\x7a\xde\x39\x73\x82\xa6\x79\xe6"
	"\x44\x61\xa3\x7f\x29\x48\xa1\x53\x15\xe1\xf7\x8e\x8b\xed\x36\xcb"
	"\x9b\xa9\xe1\xbc\x5a\x85\x7f\xbb\x27\xa8\x50\xb6\xde\xe8\xb5\x3f"
	"\xf1\x63\x46\x1a\x7e\x58\x61\xcb\x02\x43\x7f\x55\xc3\x2f\xb4\x27"
	"\xd1\xbf\xbb\x1e\x45\x2f\x17\x4a\x99\x2f\x7d\x69\xd9\x6c\xa1\x3b"
	"\x6b\xff\x6a\xdb\xe1\x38\xbe\x0d\xe6\x74\xb4\xaf\xc3\xeb\xef\x65"
	"\x15\xb9\x65\x00\xe8\xb5\x60\xa9\x5a\x8a\x38\xa3\xee\xb6\xbf\x2b"
	"\x78\xd3\x7e\x76\x07\x7d\x19\x8f\xbf\xbe\xe8\x8f\xfa\xd1\x9f\xd6"
	"\x47\x4c\x31\x84\x4b\xd5\x52\xc4\x19\x55\x98\x34\x25\x79\x92\x70"
	"\x98\xe0\x79\x9c\xe1\xd4\xcf\x20\x81\x98\xd7\x39\x2d\x14\x43\xb8"
	"\x54\x2d\x45\x9c\x51\x25\x50\x53\x22\x52\xc1\x61\x82\xe7\x71\x86"
	"\x53\x3f\x03\xcc\xeb\x9c\x16\x8a\x21\x5c\xaa\x96\x22\xce\xa8\xc2"
	"\xe2\xa9\xdd\x5f\x00\x48\x40\x02\x0f\xfd\xe9\x1b\xfc\x79\x3c\x7d"
	"\x3f\xbe\xf6\x13\x48\x00\x48\x40\x02\xc5\x5b\xdd\xcf\xb0\xff\x33"
	"\xf7\xe7\x69\x18\xcf\x13\x48\x00\xe6\x75\x4e\x0b\x25\x58\x4d\x0e"
	"\xaa\x21\x22\xdf\x5f\x00\xe6\x75\x4e\x0b\x25\x58\x4d\x0e\x4a\x96"
	"\x72\x7f\x01\x7f\x01\xa8\x21\x48\x78\xb8\x7f\x02\x00"
MAGIC_END;
